kind,t,agent
conv,91,304
rev,116,99
conv,198,281
rev,799,83
conv,802,87
conv,820,6
conv,858,277
conv,891,324
conv,962,193
conv,1106,83
rev,1149,193
conv,1213,272
rev,1235,81
conv,1243,97
rev,1269,93
conv,1360,250
rev,1413,324
rev,1557,43
conv,1598,176
conv,1673,348
conv,1710,193
conv,1807,136
rev,2044,6
conv,2066,239
rev,2259,250
conv,2290,220
conv,2390,236
rev,2445,176
rev,2458,220
rev,2516,193
conv,2518,149
conv,2655,260
conv,2707,145
conv,2717,324
conv,2803,219
conv,2817,116
conv,2843,176
rev,2863,195
rev,3046,219
conv,3462,195
rev,3770,272
conv,3896,366
conv,3906,174
rev,4004,277
conv,4017,6
conv,4099,325
conv,4152,43
rev,4288,43
rev,4353,30
conv,4366,382
conv,4368,193
conv,4398,337
rev,4457,176
conv,4509,176
rev,4516,6
conv,4551,99
conv,4600,49
conv,4743,121
rev,4765,97
conv,4854,272
conv,4856,30
conv,4930,277
rev,5039,337
rev,5052,366
rev,5130,149
conv,5172,11
conv,5212,367
conv,5214,149
conv,5342,366
conv,5417,52
conv,5427,97
conv,5429,135
rev,5453,325
rev,5611,239
rev,5744,149
conv,5813,149
conv,6046,371
conv,6071,301
conv,6191,45
rev,6252,193
rev,6294,99
conv,6331,365
conv,6357,81
conv,6418,325
conv,6446,75
conv,6512,42
rev,6545,83
conv,6639,221
rev,6654,121
rev,6669,52
conv,6697,337
rev,6750,221
conv,6857,83
rev,6860,81
conv,7026,118
rev,7136,337
conv,7170,232
conv,7180,218
conv,7346,2
rev,7402,75
rev,7418,149
rev,7525,37
conv,7536,149
conv,7562,384
conv,7649,43
rev,7673,97
conv,7714,52
conv,7742,75
conv,7764,235
conv,7938,100
conv,7949,337
rev,7976,45
conv,8024,97
rev,8048,149
conv,8073,93
rev,8154,42
rev,8191,52
conv,8257,57
conv,8309,149
rev,8314,325
rev,8328,57
conv,8345,38
conv,8349,220
rev,8362,43
conv,8577,325
conv,8598,56
rev,8624,149
conv,8725,234
conv,8742,149
rev,8763,2
rev,8864,325
rev,8888,301
conv,8958,57
conv,9015,154
rev,9074,145
conv,9123,52
rev,9149,57
conv,9172,328
conv,9179,239
conv,9199,96
rev,9202,328
conv,9231,161
conv,9310,57
conv,9319,147
rev,9367,52
conv,9483,52
conv,9497,325
rev,9514,218
conv,9575,40
conv,9599,145
conv,9671,213
rev,9690,135
conv,9804,250
rev,9866,149
conv,9879,193
rev,10012,93
conv,10032,135
rev,10066,304
conv,10128,63
conv,10131,359
conv,10172,149
conv,10278,304
conv,10281,301
conv,10337,43
conv,10426,221
conv,10516,121
rev,10545,281
rev,10623,250
conv,10664,376
conv,10686,332
rev,10745,371
conv,10747,46
conv,10824,99
rev,10849,195
rev,10855,96
rev,10911,52
rev,11019,304
rev,11063,57
conv,11196,371
rev,11210,260
conv,11227,304
conv,11276,81
conv,11314,138
conv,11418,302
conv,11439,140
rev,11450,149
conv,11500,39
rev,11577,99
rev,11583,382
conv,11603,382
rev,11633,382
conv,11644,260
rev,11708,234
conv,11716,96
rev,11722,81
conv,11729,294
rev,11791,43
conv,11854,195
rev,11902,260
rev,11997,49
rev,12025,63
rev,12045,46
rev,12183,193
conv,12246,63
conv,12269,149
conv,12310,260
rev,12384,304
conv,12613,382
rev,12623,149
conv,12628,246
conv,12653,312
conv,12817,193
conv,12819,180
rev,12881,312
conv,12891,22
rev,12987,260
rev,13067,63
conv,13071,304
conv,13099,281
rev,13168,140
rev,13207,277
conv,13246,16
rev,13276,145
conv,13288,305
conv,13298,192
conv,13350,140
rev,13445,304
conv,13467,145
conv,13554,304
conv,13581,88
rev,13585,39
rev,13591,232
conv,13598,149
rev,13669,97
conv,13717,260
conv,13748,81
conv,13821,256
rev,13879,145
rev,13891,149
conv,13937,145
rev,14008,145
rev,14044,376
rev,14069,81
rev,14123,161
conv,14131,370
conv,14155,168
rev,14276,236
conv,14291,254
conv,14327,306
conv,14392,277
conv,14514,236
conv,14546,261
conv,14582,49
rev,14589,281
conv,14637,151
conv,14710,281
rev,14744,277
conv,14777,26
rev,14784,151
conv,14796,63
conv,14860,52
conv,14993,277
rev,15044,382
conv,15079,232
rev,15085,26
conv,15139,134
conv,15171,43
conv,15207,376
rev,15212,256
conv,15243,312
rev,15266,277
conv,15389,145
conv,15401,382
rev,15411,370
rev,15511,63
rev,15513,96
rev,15574,272
rev,15596,359
rev,15636,213
rev,15647,75
conv,15735,114
conv,15769,42
rev,15778,281
rev,15784,140
rev,15827,168
rev,15845,43
rev,15857,49
conv,15864,43
rev,15871,366
conv,15872,173
conv,15899,75
rev,15925,56
conv,15930,213
conv,15965,151
rev,15987,213
rev,16028,376
rev,16070,301
conv,16107,277
rev,16131,382
conv,16132,140
conv,16162,253
rev,16204,145
rev,16219,173
rev,16246,151
rev,16251,42
conv,16322,96
conv,16350,281
rev,16387,281
rev,16415,221
conv,16442,355
conv,16465,370
conv,16544,382
rev,16619,96
conv,16645,63
conv,16653,359
rev,16672,277
conv,16676,15
conv,16682,149
conv,16700,145
rev,16706,140
rev,16789,52
rev,16810,236
conv,16835,281
conv,16857,96
conv,16874,139
rev,16924,232
conv,17024,272
rev,17077,43
conv,17085,358
rev,17263,135
rev,17270,174
rev,17271,272
conv,17330,331
conv,17333,173
rev,17350,325
rev,17379,40
rev,17394,145
conv,17482,145
conv,17485,161
conv,17557,325
conv,17563,236
conv,17588,81
conv,17590,309
rev,17595,63
rev,17613,220
conv,17635,63
conv,17651,299
rev,17665,312
conv,17684,277
rev,17709,236
rev,17710,161
rev,17752,299
conv,17756,236
conv,17774,168
conv,17814,376
rev,17932,254
conv,17987,312
rev,18002,63
conv,18012,169
conv,18029,92
rev,18079,92
conv,18084,135
rev,18088,15
rev,18091,246
conv,18096,254
rev,18117,254
rev,18149,359
rev,18160,149
rev,18166,135
rev,18180,145
conv,18261,254
conv,18277,161
conv,18284,359
conv,18328,135
conv,18332,119
rev,18362,281
rev,18413,161
conv,18432,372
conv,18503,52
conv,18508,145
conv,18513,290
conv,18530,149
conv,18618,63
conv,18639,220
rev,18643,325
conv,18660,256
conv,18743,221
rev,18746,193
rev,18790,81
conv,18885,193
conv,18968,341
conv,18970,281
conv,19060,161
conv,19072,2
conv,19088,41
rev,19127,376
conv,19155,376
rev,19175,145
rev,19200,75
rev,19202,281
rev,19271,135
rev,19298,161
conv,19326,213
conv,19356,135
conv,19397,32
conv,19410,281
rev,19432,116
conv,19453,145
rev,19492,169
conv,19522,340
conv,19525,151
rev,19559,358
conv,19562,45
rev,19574,151
rev,19582,281
rev,19584,213
rev,19703,193
rev,19708,173
rev,19711,145
conv,19716,345
conv,19717,325
rev,19828,236
rev,19835,96
conv,19854,213
conv,19858,56
conv,19883,75
rev,19893,100
conv,19949,96
conv,19964,81
conv,19970,193
conv,20021,236
conv,20067,185
conv,20102,173
rev,20185,213
conv,20237,141
conv,20257,179
rev,20281,96
conv,20335,160
conv,20375,272
conv,20404,281
conv,20406,79
conv,20408,140
conv,20437,227
rev,20443,281
conv,20458,377
rev,20466,32
conv,20538,96
rev,20550,272
rev,20579,45
rev,20585,359
rev,20608,290
conv,20646,151
conv,20835,156
conv,20852,213
conv,20864,145
conv,20911,281
conv,20913,116
conv,20925,152
rev,20954,75
conv,20960,148
rev,20963,136
conv,20977,290
conv,21010,136
rev,21024,145
rev,21028,160
rev,21032,236
rev,21039,220
rev,21070,281
rev,21075,88
conv,21119,75
conv,21127,29
rev,21154,140
conv,21294,42
rev,21297,75
rev,21306,135
conv,21325,236
conv,21326,135
conv,21342,258
conv,21378,161
rev,21380,325
conv,21402,32
rev,21409,179
conv,21421,281
rev,21423,136
conv,21481,136
conv,21510,40
conv,21542,100
conv,21581,145
conv,21603,169
rev,21629,377
conv,21637,23
conv,21641,175
rev,21672,145
rev,21690,136
conv,21735,145
conv,21742,49
conv,21747,45
conv,21751,131
conv,21758,75
rev,21772,213
conv,21838,272
rev,21863,305
rev,21914,75
conv,21928,179
conv,21957,325
rev,21999,32
rev,22074,149
rev,22076,42
conv,22090,349
rev,22115,169
rev,22147,384
conv,22153,32
conv,22176,149
conv,22186,213
conv,22203,21
rev,22223,149
rev,22232,345
rev,22250,192
conv,22266,136
conv,22333,192
rev,22335,272
conv,22336,255
rev,22377,145
rev,22388,173
conv,22402,13
rev,22408,236
conv,22413,97
rev,22437,49
conv,22446,145
rev,22488,364
rev,22539,221
conv,22546,160
rev,22619,294
conv,22657,106
conv,22662,226
rev,22709,192
rev,22725,277
conv,22727,43
rev,22729,21
rev,22747,290
conv,22757,272
conv,22764,384
rev,22810,179
conv,22842,35
rev,22876,384
rev,22891,79
conv,22896,79
conv,22967,364
conv,23058,345
conv,23090,192
conv,23093,268
conv,23112,75
conv,23116,120
rev,23144,213
conv,23191,236
rev,23203,43
conv,23241,88
rev,23272,145
rev,23304,382
conv,23311,149
rev,23322,13
rev,23331,30
conv,23334,290
conv,23350,231
rev,23397,81
conv,23418,30
rev,23471,56
rev,23501,63
conv,23511,294
rev,23516,290
rev,23519,83
conv,23523,43
conv,23559,290
rev,23561,97
conv,23574,382
conv,23604,84
rev,23650,139
rev,23657,148
rev,23677,22
conv,23678,145
conv,23699,155
conv,23703,174
conv,23717,105
rev,23797,145
rev,23812,138
conv,23834,221
rev,23839,43
conv,23874,326
rev,23890,272
rev,23903,290
conv,23916,290
conv,23934,213
conv,23939,83
rev,23940,96
rev,23946,136
conv,23972,218
conv,23986,238
conv,24000,179
conv,24026,49
rev,24070,38
conv,24073,81
rev,24119,290
conv,24123,234
conv,24142,50
rev,24168,192
rev,24169,160
rev,24179,226
conv,24205,138
conv,24207,265
conv,24335,290
conv,24356,160
rev,24362,106
conv,24366,136
rev,24392,281
rev,24399,213
conv,24410,384
conv,24433,140
rev,24450,84
rev,24465,138
rev,24466,149
conv,24494,56
conv,24508,37
conv,24520,15
conv,24535,149
rev,24549,290
rev,24565,136
conv,24576,46
conv,24645,138
conv,24649,106
conv,24652,213
conv,24657,192
rev,24669,56
rev,24712,75
conv,24725,130
rev,24788,152
rev,24797,370
rev,24823,23
rev,24827,221
conv,24849,63
conv,24855,28
conv,24878,17
rev,24882,326
rev,24887,17
conv,24893,357
conv,24912,328
rev,24913,100
conv,24924,23
conv,24938,100
rev,24955,40
rev,24958,180
rev,24976,49
rev,25030,384
rev,25034,50
conv,25050,97
rev,25080,236
rev,25093,149
conv,25161,96
rev,25225,156
rev,25235,106
conv,25257,236
rev,25322,28
conv,25363,34
conv,25382,305
conv,25383,38
conv,25387,284
rev,25398,34
rev,25402,121
rev,25415,284
conv,25429,370
conv,25430,148
conv,25433,384
conv,25464,180
rev,25468,96
rev,25509,140
rev,25525,193
conv,25528,43
conv,25545,136
conv,25555,201
rev,25576,116
rev,25590,46
rev,25591,227
rev,25604,45
conv,25625,24
conv,25653,221
rev,25689,341
rev,25693,160
rev,25698,174
conv,25712,354
conv,25724,378
conv,25740,269
conv,25752,53
conv,25771,262
conv,25798,186
conv,25896,116
conv,25914,290
conv,25930,277
conv,25938,152
conv,25947,341
rev,25952,81
conv,25989,220
conv,25991,227
conv,26006,149
conv,26039,160
rev,26045,32
rev,26056,2
rev,26082,105
conv,26092,105
conv,26094,81
conv,26109,359
conv,26112,45
rev,26116,255
conv,26150,40
rev,26162,227
conv,26195,156
conv,26201,50
rev,26224,116
conv,26246,56
conv,26249,210
rev,26250,119
conv,26271,226
conv,26278,75
rev,26281,262
conv,26290,119
rev,26291,349
rev,26353,120
conv,26359,272
rev,26373,231
conv,26406,22
rev,26410,97
conv,26424,49
conv,26453,21
conv,26466,106
rev,26473,155
conv,26500,247
rev,26515,186
conv,26544,358
rev,26588,358
conv,26601,193
conv,26609,366
rev,26657,268
rev,26735,148
rev,26774,53
conv,26782,232
rev,26791,341
conv,26796,255
conv,26801,224
rev,26803,21
rev,26811,265
rev,26839,269
rev,26852,79
rev,26866,45
conv,26885,133
conv,26889,150
conv,26890,34
rev,26893,337
rev,26904,52
conv,26910,120
rev,26914,106
conv,26923,337
conv,26927,39
rev,26929,221
rev,26954,100
rev,26959,75
conv,26969,75
conv,26992,174
conv,27022,321
rev,27071,15
rev,27091,120
rev,27101,179
conv,27159,284
conv,27193,100
conv,27236,227
conv,27257,171
rev,27296,149
conv,27336,108
conv,27338,109
conv,27377,341
rev,27391,171
conv,27406,52
conv,27427,120
conv,27467,221
rev,27552,120
rev,27565,192
rev,27579,201
conv,27588,116
rev,27617,100
conv,27641,268
rev,27662,130
conv,27695,120
conv,27701,53
conv,27728,186
rev,27743,53
conv,27750,45
rev,27761,210
conv,27782,106
rev,27797,290
conv,27830,290
rev,27866,156
rev,27872,331
conv,27879,331
rev,27895,114
rev,27904,160
rev,27925,39
rev,27926,45
rev,27929,174
conv,27939,156
rev,27964,341
rev,27967,133
conv,28015,36
rev,28027,50
conv,28039,358
conv,28047,160
conv,28051,96
conv,28062,281
rev,28073,234
conv,28104,114
conv,28113,46
conv,28133,145
rev,28170,34
conv,28186,148
rev,28268,145
rev,28270,382
conv,28314,382
rev,28350,96
conv,28371,45
conv,28374,377
rev,28376,325
conv,28410,192
rev,28433,281
rev,28451,192
conv,28499,39
conv,28512,15
conv,28524,4
conv,28525,145
rev,28528,15
conv,28544,205
conv,28560,96
conv,28562,149
conv,28581,341
conv,28612,15
conv,28620,53
rev,28631,63
rev,28637,226
conv,28641,325
rev,28643,331
conv,28665,174
rev,28681,370
rev,28689,119
conv,28722,97
rev,28730,345
conv,28836,54
rev,28892,88
rev,28894,24
rev,28898,39
conv,28899,3
rev,28943,46
conv,28946,80
conv,28974,79
rev,28977,15
rev,29004,149
rev,29020,81
conv,29083,283
conv,29121,15
conv,29136,63
rev,29223,372
conv,29235,121
conv,29241,374
conv,29252,17
conv,29262,331
rev,29279,136
conv,29334,281
conv,29349,192
conv,29368,100
rev,29387,4
conv,29392,372
rev,29412,96
rev,29450,192
conv,29452,298
conv,29514,21
conv,29528,296
conv,29539,149
conv,29542,96
conv,29610,246
conv,29630,237
conv,29669,6
conv,29684,81
conv,29687,119
rev,29694,35
rev,29710,237
rev,29713,377
conv,29723,24
rev,29754,17
rev,29770,38
conv,29782,226
rev,29783,296
rev,29813,145
rev,29819,119
conv,29837,377
rev,29851,298
conv,29885,99
rev,29925,221
rev,29930,283
rev,29933,21
conv,29947,119
conv,29948,145
rev,29989,148
rev,30015,80
rev,30038,87
conv,30054,34
rev,30059,281
rev,30070,377
rev,30091,255
rev,30102,152
conv,30105,229
conv,30120,9
conv,30157,255
conv,30163,88
rev,30227,246
conv,30236,148
rev,30237,15
conv,30273,32
rev,30313,54
conv,30363,265
conv,30366,31
conv,30394,25
rev,30396,174
rev,30421,325
conv,30424,130
conv,30474,72
rev,30511,161
conv,30528,35
conv,30539,139
rev,30676,145
rev,30724,260
conv,30752,260
rev,30801,382
rev,30816,34
conv,30869,54
conv,30872,237
conv,30881,191
rev,30893,372
rev,30895,63
conv,30911,174
conv,30951,336
rev,30973,174
rev,30980,378
rev,30989,331
conv,30999,183
rev,31057,72
conv,31085,325
conv,31086,38
conv,31158,21
conv,31167,34
conv,31171,129
conv,31205,152
rev,31214,354
conv,31223,245
rev,31243,96
rev,31272,35
conv,31286,201
conv,31305,192
rev,31314,119
rev,31321,304
rev,31326,108
rev,31330,152
rev,31369,201
rev,31400,38
conv,31420,152
conv,31431,72
conv,31448,127
conv,31482,310
rev,31487,149
conv,31490,84
conv,31563,57
conv,31574,201
rev,31579,183
conv,31585,91
conv,31587,15
conv,31596,382
rev,31600,21
rev,31651,185
rev,31663,229
rev,31667,114
conv,31675,146
conv,31711,125
conv,31712,362
conv,31718,174
conv,31736,38
conv,31763,300
conv,31765,372
rev,31778,175
conv,31804,27
conv,31816,96
rev,31823,174
rev,31831,24
rev,31833,290
rev,31836,148
conv,31849,378
rev,31851,43
rev,31852,38
conv,31855,17
conv,31858,58
rev,31883,121
conv,31897,38
conv,31942,114
rev,31943,116
rev,31960,300
conv,31998,119
conv,32013,117
conv,32015,93
rev,32034,130
rev,32045,191
rev,32148,384
rev,32154,277
rev,32160,99
rev,32170,75
rev,32175,245
conv,32212,140
rev,32222,310
rev,32253,382
rev,32256,114
conv,32269,349
conv,32271,303
rev,32296,226
conv,32303,99
conv,32307,174
rev,32313,174
rev,32335,38
conv,32338,304
conv,32352,132
conv,32359,281
conv,32376,21
conv,32400,87
conv,32423,347
rev,32425,281
conv,32427,334
conv,32449,24
rev,32458,265
conv,32462,148
conv,32469,144
conv,32471,280
conv,32481,108
conv,32489,277
rev,32511,54
rev,32533,53
rev,32556,15
conv,32587,54
rev,32591,27
rev,32610,99
conv,32641,345
conv,32659,103
conv,32666,226
conv,32669,149
conv,32704,300
rev,32707,236
rev,32712,149
conv,32731,43
conv,32753,75
conv,32758,15
conv,32772,236
rev,32777,193
rev,32783,239
rev,32787,54
rev,32799,75
rev,32803,152
conv,32820,221
conv,32830,252
rev,32843,378
conv,32844,295
rev,32847,347
rev,32878,201
conv,32903,178
conv,32921,2
conv,32924,281
rev,32964,281
conv,32982,201
conv,32988,130
conv,32994,80
conv,32995,53
conv,33004,116
rev,33010,87
rev,33024,96
conv,33061,152
rev,33068,80
rev,33074,277
conv,33095,99
rev,33097,147
rev,33101,220
rev,33104,345
rev,33114,232
conv,33133,63
conv,33138,42
conv,33141,112
rev,33188,195
conv,33211,220
rev,33255,91
conv,33266,193
conv,33270,155
conv,33313,91
rev,33315,103
conv,33318,210
conv,33333,331
conv,33350,163
conv,33351,181
rev,33353,119
conv,33357,377
conv,33364,298
conv,33371,149
conv,33401,175
rev,33418,331
rev,33420,116
conv,33434,38
conv,33443,265
conv,33445,244
conv,33448,174
conv,33464,331
conv,33468,161
conv,33493,281
conv,33515,87
conv,33519,296
rev,33524,17
conv,33532,47
rev,33563,34
conv,33573,248
conv,33589,345
rev,33611,281
rev,33616,345
rev,33620,58
conv,33646,124
conv,33688,121
conv,33703,147
rev,33728,40
conv,33739,75
conv,33780,277
conv,33801,195
rev,33822,175
conv,33828,1
conv,33839,384
rev,33853,56
conv,33864,239
rev,33871,180
conv,33877,74
rev,33889,280
rev,33893,152
rev,33897,1
conv,33930,208
conv,33955,310
rev,34006,181
rev,34007,294
rev,34011,247
rev,34017,75
rev,34028,150
conv,34082,382
rev,34114,140
rev,34116,201
rev,34121,192
rev,34138,47
rev,34184,306
conv,34195,285
rev,34208,300
conv,34218,58
conv,34234,345
conv,34257,40
rev,34303,213
rev,34333,24
conv,34360,180
conv,34364,181
conv,34368,80
conv,34373,75
conv,34383,229
rev,34386,139
conv,34403,213
conv,34412,119
rev,34425,156
conv,34439,201
rev,34470,248
conv,34489,280
rev,34495,146
conv,34515,217
rev,34517,280
conv,34522,96
rev,34548,331
conv,34561,139
rev,34568,138
rev,34573,32
rev,34587,9
conv,34588,292
rev,34607,15
conv,34609,32
conv,34643,173
conv,34647,140
conv,34655,248
rev,34668,91
rev,34693,117
rev,34694,221
conv,34708,91
rev,34726,285
rev,34727,58
rev,34745,53
conv,34762,116
rev,34811,310
rev,34830,341
rev,34835,91
rev,34837,255
conv,34839,152
rev,34855,87
conv,34857,341
rev,34907,298
rev,34919,40
conv,34927,136
conv,34929,279
conv,34936,70
rev,34956,96
rev,34964,141
conv,34968,4
conv,34997,141
conv,34998,143
conv,35011,156
conv,35044,87
conv,35056,294
rev,35057,119
conv,35060,9
rev,35070,131
rev,35082,124
rev,35099,4
rev,35109,174
rev,35113,294
rev,35123,136
rev,35126,9
conv,35130,174
conv,35141,370
conv,35162,34
conv,35172,247
conv,35177,133
rev,35178,149
conv,35204,338
rev,35206,239
rev,35207,21
rev,35241,237
conv,35249,145
conv,35266,136
conv,35271,280
conv,35276,114
rev,35307,178
conv,35320,281
conv,35321,146
conv,35322,15
rev,35336,281
rev,35361,384
rev,35378,133
conv,35389,294
rev,35390,341
conv,35396,331
rev,35405,331
rev,35407,328
rev,35408,42
conv,35410,150
rev,35416,180
conv,35444,183
rev,35453,136
conv,35472,28
conv,35497,306
conv,35505,46
conv,35519,5
rev,35546,173
conv,35567,281
conv,35589,298
rev,35593,87
rev,35596,227
rev,35604,260
conv,35620,39
conv,35632,378
conv,35643,91
rev,35657,106
rev,35670,213
conv,35672,320
rev,35674,280
conv,35675,58
rev,35700,145
conv,35701,352
rev,35708,28
conv,35738,106
conv,35747,326
conv,35748,175
conv,35762,42
conv,35767,124
rev,35828,306
rev,35830,75
rev,35834,42
conv,35860,239
conv,35864,310
rev,35877,125
rev,35880,80
conv,35882,290
conv,35887,145
conv,35916,40
rev,35918,239
conv,35928,53
conv,35929,110
rev,35931,247
rev,35940,91
conv,35981,138
conv,35983,221
conv,35991,283
conv,35996,28
conv,36005,47
rev,36015,334
conv,36016,334
conv,36037,354
conv,36038,21
rev,36044,229
rev,36052,294
conv,36054,98
conv,36061,280
conv,36115,204
rev,36116,146
rev,36136,374
rev,36140,105
rev,36150,134
conv,36156,182
conv,36161,134
conv,36169,105
rev,36170,183
rev,36196,112
conv,36199,131
conv,36201,12
conv,36212,294
conv,36229,9
conv,36234,227
rev,36238,140
rev,36275,47
rev,36298,144
conv,36304,384
rev,36317,384
rev,36328,84
rev,36331,152
rev,36345,294
conv,36363,4
conv,36370,180
conv,36375,331
conv,36378,27
conv,36382,255
conv,36393,183
rev,36398,161
conv,36407,96
conv,36416,375
conv,36421,179
rev,36431,53
conv,36444,119
conv,36447,115
rev,36453,378
conv,36462,161
rev,36464,4
conv,36483,247
rev,36490,201
conv,36493,149
rev,36496,334
conv,36519,311
conv,36527,53
rev,36544,151
conv,36560,173
conv,36596,344
rev,36604,367
conv,36612,136
conv,36622,306
rev,36658,364
conv,36668,24
rev,36675,283
rev,36688,124
rev,36692,148
conv,36705,291
conv,36712,364
rev,36713,58
rev,36715,247
conv,36743,301
rev,36748,114
conv,36752,151
rev,36753,129
conv,36756,384
rev,36764,70
rev,36774,305
conv,36797,247
rev,36803,27
conv,36807,124
rev,36828,375
conv,36829,64
rev,36896,252
conv,36898,148
conv,36916,334
conv,36942,351
rev,36955,331
conv,36969,213
rev,36971,248
rev,36973,34
conv,36983,112
rev,36985,36
conv,36988,378
rev,36995,106
conv,36999,70
conv,37021,35
rev,37028,301
rev,37031,23
conv,37032,239
conv,37049,144
conv,37052,375
rev,37066,149
rev,37068,9
conv,37080,146
rev,37095,151
conv,37103,23
rev,37105,70
conv,37121,267
rev,37124,258
rev,37142,112
conv,37147,70
conv,37155,20
rev,37175,5
conv,37186,339
rev,37196,20
rev,37219,144
rev,37247,41
rev,37253,53
rev,37254,150
conv,37266,229
conv,37272,4
rev,37275,63
conv,37286,56
conv,37291,106
conv,37313,27
conv,37319,112
conv,37320,47
conv,37323,34
rev,37326,227
conv,37356,383
conv,37358,9
conv,37369,331
rev,37395,97
rev,37405,239
rev,37429,378
conv,37432,323
rev,37444,339
rev,37457,136
conv,37460,75
rev,37470,220
conv,37474,117
rev,37479,323
rev,37482,213
conv,37483,144
conv,37489,184
rev,37492,247
rev,37508,384
conv,37511,140
rev,37524,226
conv,37542,259
rev,37544,47
conv,37571,237
rev,37573,32
conv,37603,227
conv,37609,294
rev,37621,173
rev,37633,34
conv,37634,152
rev,37642,152
rev,37658,35
rev,37666,134
conv,37669,136
conv,37684,84
rev,37685,24
rev,37697,146
conv,37699,239
rev,37703,148
rev,37712,23
rev,37714,280
conv,37715,53
rev,37722,375
rev,37724,255
rev,37747,145
rev,37752,331
conv,37756,150
conv,37760,122
conv,37762,220
conv,37763,226
conv,37788,384
conv,37791,247
conv,37819,36
conv,37830,242
conv,37831,255
rev,37849,138
conv,37856,148
conv,37883,202
conv,37906,97
rev,37908,221
conv,37915,246
conv,37917,375
conv,37927,257
conv,37929,305
rev,37934,351
rev,37954,144
conv,37958,34
conv,37960,353
conv,37966,192
conv,37968,280
conv,37974,23
conv,37979,149
rev,37990,259
conv,38003,152
conv,38018,134
rev,38034,134
conv,38039,206
rev,38048,229
conv,38053,32
conv,38078,80
rev,38102,180
conv,38105,269
conv,38107,323
conv,38108,173
rev,38121,75
conv,38124,248
conv,38145,144
conv,38169,374
rev,38180,372
conv,38232,221
conv,38269,157
conv,38284,331
conv,38297,75
rev,38303,296
rev,38314,281
conv,38333,313
rev,38336,294
rev,38359,136
conv,38362,229
rev,38364,122
conv,38368,26
rev,38370,224
conv,38385,41
rev,38388,34
rev,38420,106
rev,38429,384
conv,38437,271
conv,38453,294
conv,38473,293
conv,38495,58
conv,38522,259
conv,38530,145
rev,38538,32
rev,38547,144
rev,38556,70
rev,38571,155
rev,38608,267
conv,38612,262
conv,38625,341
conv,38636,201
conv,38638,138
conv,38661,63
rev,38674,140
conv,38692,372
conv,38696,384
conv,38711,367
conv,38719,199
rev,38721,110
conv,38727,296
rev,38735,259
rev,38738,255
rev,38741,150
rev,38743,201
conv,38750,151
rev,38751,353
conv,38758,255
rev,38760,372
rev,38775,160
rev,38776,352
conv,38779,300
rev,38781,374
rev,38791,323
conv,38794,372
rev,38799,280
conv,38801,378
conv,38817,351
conv,38831,106
rev,38832,296
rev,38833,149
rev,38841,138
conv,38845,114
rev,38861,148
rev,38884,152
rev,38891,229
conv,38895,144
conv,38902,180
conv,38906,129
conv,38908,170
rev,38918,151
rev,38919,217
rev,38920,255
conv,38921,216
rev,38925,26
conv,38930,374
conv,38933,200
rev,38942,200
rev,38956,300
conv,38958,146
rev,38963,344
rev,38974,56
rev,39006,338
rev,39017,345
conv,39033,151
conv,39035,191
conv,39039,160
rev,39049,80
conv,39064,373
rev,39069,220
rev,39071,182
rev,39074,384
rev,39101,334
conv,39107,263
conv,39108,87
rev,39127,382
rev,39131,184
conv,39133,258
rev,39140,351
rev,39152,93
rev,39160,63
rev,39176,173
conv,39179,259
rev,39181,239
rev,39195,221
conv,39199,197
rev,39212,45
conv,39222,213
rev,39259,141
conv,39267,301
rev,39272,213
conv,39293,136
conv,39308,134
conv,39310,149
conv,39339,150
rev,39342,145
conv,39344,42
rev,39350,310
conv,39351,152
rev,39361,39
conv,39362,184
conv,39364,10
conv,39367,310
rev,39375,149
rev,39385,175
rev,39393,161
conv,39397,230
conv,39405,220
conv,39411,145
rev,39412,53
conv,39415,47
rev,39435,331
conv,39444,70
conv,39469,182
conv,39473,175
conv,39489,141
rev,39506,152
conv,39511,153
rev,39513,124
conv,39561,149
rev,39562,208
conv,39563,63
rev,39580,326
conv,39581,20
conv,39594,239
rev,39602,41
rev,39620,151
rev,39637,42
conv,39638,338
conv,39641,314
rev,39675,119
conv,39693,124
rev,39702,374
conv,39703,382
conv,39707,59
rev,39713,106
conv,39720,39
rev,39722,338
rev,39726,301
conv,39731,110
rev,39737,210
rev,39755,143
conv,39758,138
rev,39759,259
conv,39765,161
rev,39769,138
conv,39770,138
rev,39775,124
rev,39789,134
rev,39798,138
rev,39816,117
conv,39817,229
conv,39822,73
conv,39827,323
rev,39848,236
rev,39850,130
rev,39855,341
rev,39868,180
conv,39879,334
conv,39886,351
rev,39893,292
conv,39895,363
conv,39901,152
conv,39931,130
rev,39941,156
rev,39949,248
rev,39957,75
rev,39958,63
rev,39965,21
conv,39971,200
rev,39972,12
conv,39975,338
conv,39976,248
conv,39979,140
rev,39984,153
conv,39986,207
conv,39993,106
conv,40008,210
rev,40009,4
rev,40014,246
rev,40032,47
conv,40036,32
conv,40046,91
conv,40048,260
rev,40060,96
conv,40092,180
conv,40093,54
conv,40099,4
conv,40104,153
rev,40113,258
conv,40127,173
conv,40129,151
rev,40133,114
conv,40142,267
conv,40143,236
conv,40145,114
conv,40169,17
conv,40175,292
conv,40214,12
conv,40215,374
conv,40217,213
conv,40230,41
conv,40231,329
rev,40240,91
conv,40241,326
conv,40247,82
conv,40253,19
rev,40257,262
rev,40260,242
conv,40265,119
conv,40287,93
rev,40293,244
rev,40295,2
conv,40301,96
rev,40311,363
rev,40315,150
conv,40320,45
rev,40321,82
conv,40328,258
rev,40340,213
conv,40345,167
rev,40347,64
conv,40352,255
conv,40356,156
conv,40362,63
rev,40378,87
conv,40380,221
rev,40381,106
rev,40384,260
conv,40387,56
conv,40390,165
rev,40391,221
rev,40400,372
conv,40406,221
rev,40455,27
conv,40460,5
rev,40472,57
conv,40477,148
conv,40481,138
conv,40486,246
rev,40487,96
conv,40494,65
rev,40510,43
conv,40525,331
rev,40541,145
rev,40547,130
conv,40556,117
conv,40564,213
rev,40569,54
conv,40580,24
conv,40596,57
rev,40606,88
conv,40609,8
conv,40621,96
conv,40623,92
rev,40630,105
conv,40643,208
rev,40652,181
conv,40667,162
rev,40672,156
rev,40677,206
conv,40680,384
rev,40688,173
conv,40693,173
rev,40702,84
conv,40727,242
rev,40738,227
rev,40753,213
conv,40756,106
rev,40765,109
rev,40773,58
conv,40777,43
conv,40788,301
rev,40794,106
rev,40797,331
rev,40801,136
conv,40804,54
conv,40814,363
rev,40822,167
rev,40823,377
conv,40835,106
conv,40854,125
rev,40863,200
rev,40865,56
rev,40868,192
conv,40872,368
rev,40876,116
rev,40881,305
conv,40892,134
conv,40896,64
rev,40915,149
conv,40923,227
rev,40931,351
conv,40942,136
conv,40945,156
conv,40951,206
rev,40963,246
conv,40969,331
conv,40972,300
conv,40975,305
conv,40979,296
conv,40984,149
conv,40991,34
conv,41002,116
conv,41006,58
rev,41010,383
rev,41024,12
rev,41030,11
rev,41043,24
rev,41044,258
rev,41048,119
rev,41056,269
rev,41058,9
conv,41072,145
rev,41073,205
conv,41089,234
rev,41101,165
rev,41110,179
conv,41112,24
conv,41117,201
conv,41137,119
rev,41138,201
conv,41164,201
conv,41171,181
rev,41196,201
conv,41206,350
rev,41221,70
rev,41242,73
conv,41248,245
conv,41259,53
rev,41266,382
conv,41272,50
rev,41274,34
conv,41282,105
conv,41312,246
conv,41318,383
rev,41328,64
rev,41340,63
conv,41351,91
conv,41369,231
rev,41374,378
rev,41414,310
conv,41434,21
rev,41453,114
rev,41456,28
rev,41526,384
conv,41534,258
conv,41537,384
conv,41539,63
conv,41545,87
conv,41547,70
conv,41549,262
rev,41551,239
rev,41558,301
rev,41561,91
conv,41587,260
rev,41592,180
rev,41597,296
conv,41607,201
rev,41616,248
rev,41637,331
conv,41642,12
rev,41647,357
conv,41648,180
conv,41659,88
rev,41664,88
rev,41705,368
conv,41723,372
rev,41724,112
conv,41733,351
conv,41739,341
conv,41752,91
rev,41755,202
rev,41756,314
conv,41757,192
conv,41758,84
conv,41777,88
conv,41785,259
conv,41799,382
conv,41801,357
conv,41808,347
conv,41810,11
conv,41830,213
conv,41839,346
conv,41850,377
conv,41863,28
conv,41872,278
conv,41896,114
rev,41897,373
rev,41914,54
conv,41924,239
conv,41936,248
conv,41953,122
conv,41957,109
conv,41959,276
conv,41966,68
conv,41967,124
conv,41970,56
rev,41973,351
conv,41989,202
conv,41996,318
rev,42000,260
rev,42014,45
conv,42022,27
conv,42031,269
rev,42032,213
conv,42035,34
conv,42047,167
conv,42048,130
rev,42054,201
rev,42075,15
conv,42091,260
rev,42120,138
rev,42123,383
rev,42143,91
conv,42151,9
rev,42158,180
rev,42166,100
rev,42172,136
rev,42173,5
conv,42180,217
conv,42192,179
rev,42202,145
rev,42244,192
rev,42252,24
conv,42264,15
rev,42265,146
rev,42284,134
rev,42298,151
rev,42308,79
rev,42323,346
rev,42324,19
rev,42326,38
conv,42328,314
rev,42343,92
conv,42359,331
conv,42381,73
rev,42384,175
conv,42393,45
conv,42397,151
rev,42406,114
conv,42420,378
conv,42425,51
conv,42434,64
rev,42444,217
rev,42455,53
rev,42466,56
rev,42467,156
rev,42470,125
rev,42471,363
conv,42477,56
rev,42479,262
conv,42480,145
conv,42481,285
rev,42485,65
rev,42502,255
rev,42507,20
rev,42512,331
rev,42515,384
conv,42530,201
rev,42535,145
conv,42540,185
conv,42546,281
conv,42549,91
rev,42551,216
rev,42557,318
rev,42561,160
rev,42574,87
rev,42575,124
conv,42576,283
rev,42582,131
conv,42621,363
conv,42626,160
conv,42630,145
conv,42631,114
conv,42632,79
rev,42634,34
conv,42666,54
conv,42671,331
conv,42678,175
rev,42689,114
conv,42690,192
conv,42701,212
conv,42718,53
conv,42719,26
conv,42720,100
conv,42739,138
conv,42753,112
conv,42763,373
rev,42783,340
conv,42784,75
rev,42798,208
rev,42804,15
rev,42817,127
conv,42858,180
rev,42863,259
rev,42877,181
conv,42879,126
conv,42885,92
rev,42886,354
conv,42895,18
conv,42897,259
rev,42907,112
rev,42917,58
rev,42929,193
rev,42938,152
conv,42940,351
conv,42943,131
rev,42961,321
conv,42978,181
rev,42986,41
conv,42987,200
rev,42997,91
conv,42999,134
rev,43007,175
conv,43020,296
rev,43032,88
rev,43034,311
conv,43052,114
conv,43061,87
rev,43072,173
rev,43074,9
conv,43075,38
conv,43090,24
conv,43106,127
conv,43113,352
rev,43118,148
conv,43147,252
rev,43175,134
rev,43190,57
conv,43194,58
rev,43205,149
conv,43208,65
conv,43229,41
rev,43240,99
conv,43248,368
rev,43252,24
rev,43265,363
conv,43267,156
rev,43271,151
conv,43273,361
conv,43278,24
conv,43280,250
rev,43294,139
rev,43300,167
rev,43311,54
rev,43330,359
rev,43335,250
rev,43338,84
rev,43359,257
rev,43360,378
conv,43371,99
rev,43375,23
rev,43377,138
rev,43390,259
conv,43399,311
conv,43416,380
rev,43418,281
rev,43420,352
conv,43421,151
rev,43432,8
conv,43434,340
rev,43438,12
rev,43439,174
conv,43442,57
rev,43446,87
rev,43448,114
conv,43454,23
rev,43458,156
rev,43487,79
conv,43496,125
rev,43499,283
rev,43521,365
conv,43524,378
rev,43534,329
conv,43541,114
rev,43543,11
conv,43546,255
rev,43552,378
conv,43555,344
rev,43558,340
conv,43567,79
conv,43593,13
rev,43598,23
conv,43602,262
rev,43603,306
rev,43604,24
conv,43608,259
conv,43629,359
conv,43633,310
rev,43638,151
conv,43639,165
rev,43645,310
rev,43649,131
rev,43657,220
rev,43661,73
rev,43671,110
conv,43675,151
rev,43700,355
conv,43704,205
conv,43714,257
rev,43718,374
conv,43722,5
conv,43725,139
rev,43732,180
rev,43745,359
conv,43748,329
rev,43754,119
conv,43758,213
conv,43776,345
conv,43788,374
conv,43791,87
conv,43794,321
conv,43804,73
conv,43814,220
rev,43835,192
conv,43840,23
rev,43848,246
rev,43853,259
rev,43856,205
conv,43857,355
rev,43860,106
conv,43875,24
conv,43876,91
rev,43879,79
rev,43904,375
conv,43906,318
rev,43920,311
conv,43922,119
rev,43939,350
conv,43943,113
rev,43953,63
rev,43957,122
conv,43963,20
conv,43981,365
conv,43982,340
rev,43986,351
rev,43992,213
conv,43995,205
rev,44006,295
conv,44007,8
conv,44019,241
rev,44027,355
conv,44029,378
rev,44041,221
rev,44043,285
conv,44045,110
conv,44064,173
rev,44089,29
rev,44099,26
rev,44105,151
rev,44112,255
rev,44116,326
conv,44129,384
conv,44137,149
rev,44157,114
conv,44159,112
conv,44163,122
rev,44172,31
rev,44183,296
conv,44184,315
conv,44203,114
conv,44209,306
rev,44216,144
rev,44228,201
rev,44256,141
conv,44272,136
rev,44297,229
rev,44305,136
rev,44310,331
conv,44324,175
conv,44331,54
rev,44333,54
rev,44335,122
rev,44363,154
rev,44369,226
conv,44372,281
conv,44377,208
rev,44392,234
conv,44393,122
rev,44395,340
conv,44408,193
conv,44409,15
conv,44414,12
conv,44420,296
rev,44421,202
conv,44423,131
rev,44424,193
rev,44437,321
rev,44444,21
conv,44470,144
rev,44489,139
rev,44503,56
rev,44505,109
conv,44511,246
rev,44531,132
conv,44536,326
conv,44539,283
conv,44544,152
rev,44559,112
rev,44561,257
conv,44564,151
rev,44592,28
conv,44593,109
rev,44601,105
conv,44607,138
conv,44610,54
rev,44619,175
conv,44625,146
conv,44634,299
conv,44639,310
rev,44640,119
rev,44647,300
rev,44648,12
conv,44655,150
conv,44657,175
rev,44667,310
conv,44674,322
rev,44676,39
rev,44679,145
rev,44698,53
conv,44701,202
rev,44718,4
conv,44724,321
rev,44728,41
conv,44733,259
conv,44748,229
rev,44762,126
conv,44774,79
conv,44776,328
conv,44809,213
rev,44811,248
conv,44826,221
conv,44827,203
conv,44830,311
conv,44838,29
conv,44845,226
conv,44851,148
rev,44852,311
rev,44873,79
rev,44881,259
rev,44899,315
conv,44902,289
rev,44904,29
conv,44914,105
rev,44939,58
conv,44945,124
rev,44955,124
rev,44964,122
conv,44966,31
rev,44979,146
rev,44982,10
rev,45003,27
conv,45016,355
rev,45029,355
conv,45037,174
conv,45038,132
rev,45049,75
rev,45068,229
conv,45087,12
conv,45090,28
conv,45094,359
conv,45096,119
rev,45104,5
rev,45114,281
conv,45122,311
rev,45130,12
conv,45147,56
rev,45150,296
rev,45158,49
conv,45162,139
conv,45163,102
conv,45164,296
conv,45165,315
conv,45175,49
conv,45178,154
rev,45192,8
rev,45207,161
rev,45234,56
rev,45235,213
conv,45246,4
conv,45252,53
conv,45271,161
rev,45272,186
rev,45273,36
conv,45275,11
conv,45276,58
rev,45300,179
conv,45307,112
rev,45315,119
conv,45321,222
conv,45324,201
rev,45327,278
conv,45330,375
rev,45351,138
conv,45359,192
conv,45368,9
rev,45374,92
rev,45383,384
rev,45392,147
rev,45400,144
conv,45409,141
conv,45412,79
conv,45422,255
rev,45431,150
rev,45443,11
conv,45453,106
rev,45468,160
conv,45469,257
rev,45491,130
conv,45517,42
rev,45524,260
conv,45535,355
rev,45536,161
conv,45554,301
conv,45555,21
conv,45558,229
conv,45565,63
rev,45585,173
conv,45600,145
conv,45621,244
conv,45622,356
conv,45626,160
conv,45660,179
rev,45665,106
conv,45674,186
conv,45697,281
conv,45702,7
conv,45710,92
conv,45721,144
rev,45726,125
rev,45727,127
conv,45737,130
rev,45775,4
conv,45781,173
rev,45785,18
conv,45793,249
conv,45795,82
conv,45802,84
conv,45804,352
rev,45805,357
conv,45809,357
conv,45812,147
conv,45818,88
rev,45820,54
conv,45821,280
rev,45823,21
conv,45825,278
conv,45833,136
rev,45834,318
conv,45852,219
rev,45860,130
conv,45870,54
conv,45875,161
rev,45878,200
rev,45880,296
conv,45895,259
rev,45899,229
conv,45901,134
conv,45903,138
conv,45910,39
rev,45916,84
rev,45930,82
conv,45939,5
conv,45941,36
rev,45963,192
rev,45971,280
conv,45993,41
conv,45996,354
rev,46021,203
conv,46029,213
rev,46046,5
conv,46060,111
rev,46070,208
conv,46087,125
rev,46092,68
conv,46102,12
conv,46103,26
rev,46104,151
rev,46115,147
conv,46127,4
rev,46135,195
rev,46139,306
rev,46148,125
rev,46152,153
conv,46162,340
rev,46163,267
rev,46185,144
rev,46198,231
rev,46202,340
conv,46205,151
conv,46206,351
conv,46207,350
conv,46220,232
rev,46223,145
conv,46226,384
rev,46228,115
rev,46243,357
conv,46261,167
conv,46267,193
conv,46268,342
rev,46283,50
rev,46314,351
rev,46318,384
rev,46323,65
rev,46325,28
conv,46327,217
conv,46334,200
rev,46336,365
conv,46349,211
conv,46354,5
conv,46365,351
conv,46366,44
conv,46376,123
rev,46398,87
rev,46407,121
rev,46419,359
rev,46420,200
conv,46442,248
conv,46444,318
rev,46446,354
conv,46456,195
rev,46458,345
conv,46463,119
rev,46464,22
conv,46472,150
rev,46492,249
conv,46497,340
rev,46498,4
conv,46499,192
conv,46502,153
rev,46504,191
conv,46517,191
conv,46527,29
rev,46535,259
conv,46544,357
rev,46545,151
rev,46549,134
rev,46558,15
conv,46559,133
conv,46570,306
conv,46592,130
rev,46596,201
conv,46605,159
conv,46625,180
conv,46627,177
conv,46639,147
conv,46643,61
rev,46647,114
rev,46653,281
rev,46664,148
conv,46669,201
rev,46672,139
conv,46675,124
conv,46677,106
rev,46683,63
rev,46695,53
rev,46716,323
rev,46720,153
rev,46729,106
rev,46733,130
rev,46734,373
rev,46738,351
conv,46743,285
rev,46744,337
rev,46767,149
conv,46768,128
conv,46778,144
rev,46779,5
rev,46782,26
conv,46794,146
rev,46798,341
rev,46802,108
conv,46812,281
conv,46815,384
conv,46835,130
conv,46850,115
rev,46851,138
conv,46854,178
conv,46879,134
conv,46882,148
rev,46883,255
conv,46885,87
rev,46887,79
rev,46888,41
rev,46889,222
rev,46913,306
conv,46924,222
conv,46928,331
conv,46934,125
conv,46936,149
conv,46939,106
rev,46946,136
conv,46947,56
conv,46958,75
conv,46961,21
conv,46968,359
rev,46975,356
conv,46983,200
conv,46992,63
rev,47006,131
rev,47012,146
conv,47018,296
rev,47053,357
conv,47055,139
conv,47060,26
conv,47064,337
rev,47066,73
conv,47083,153
conv,47095,231
rev,47100,100
rev,47115,322
conv,47152,34
rev,47155,318
conv,47157,260
conv,47168,295
rev,47176,331
conv,47187,373
rev,47201,92
conv,47203,82
rev,47204,324
rev,47210,254
rev,47214,299
rev,47215,246
rev,47216,236
conv,47226,299
conv,47245,322
rev,47255,340
conv,47258,65
rev,47262,384
conv,47269,254
rev,47273,173
rev,47284,144
conv,47286,280
rev,47288,119
conv,47292,114
conv,47304,73
rev,47320,231
conv,47341,249
rev,47343,54
conv,47352,231
rev,47361,63
conv,47362,229
conv,47364,41
rev,47395,165
rev,47400,9
conv,47405,341
conv,47412,203
rev,47416,7
conv,47420,80
conv,47437,151
rev,47478,260
rev,47500,29
rev,47501,124
rev,47505,151
conv,47517,306
conv,47518,100
conv,47532,151
rev,47544,294
rev,47551,134
rev,47558,362
conv,47562,310
conv,47563,138
rev,47569,154
conv,47571,108
conv,47572,300
rev,47579,21
conv,47585,264
conv,47586,208
rev,47590,149
conv,47593,154
conv,47596,18
rev,47597,192
rev,47600,73
conv,47605,266
conv,47607,324
rev,47614,180
rev,47621,281
rev,47622,374
conv,47629,126
conv,47645,2
conv,47653,92
conv,47655,145
conv,47658,121
rev,47661,148
rev,47671,87
conv,47674,323
conv,47689,134
rev,47709,178
conv,47716,87
rev,47717,296
rev,47723,80
rev,47735,213
rev,47738,126
conv,47739,127
conv,47771,165
rev,47776,336
rev,47796,208
conv,47802,155
rev,47804,56
rev,47806,334
conv,47808,318
rev,47821,12
conv,47839,79
conv,47845,15
rev,47855,201
conv,47858,208
conv,47867,54
conv,47868,201
conv,47878,334
rev,47879,266
conv,47886,73
rev,47887,352
conv,47889,275
conv,47898,340
rev,47902,88
conv,47907,28
conv,47908,88
conv,47932,53
rev,47937,163
conv,47950,384
rev,47966,112
conv,47969,21
conv,47976,246
rev,47977,53
conv,47980,9
rev,47995,65
rev,47996,323
conv,48013,250
conv,48026,146
rev,48030,277
rev,48031,58
rev,48034,306
conv,48045,357
conv,48059,136
conv,48064,11
conv,48087,363
conv,48094,144
conv,48110,178
rev,48133,11
conv,48134,236
conv,48146,11
conv,48153,5
conv,48178,65
conv,48194,345
conv,48198,53
rev,48202,15
rev,48203,79
conv,48206,331
conv,48211,365
conv,48215,213
conv,48223,255
conv,48224,296
conv,48255,47
rev,48256,344
rev,48270,181
rev,48288,2
conv,48293,0
rev,48300,245
rev,48303,140
rev,48305,145
conv,48309,181
conv,48331,149
rev,48349,151
conv,48350,260
conv,48352,131
rev,48361,61
conv,48370,281
rev,48372,246
rev,48379,65
conv,48388,79
conv,48397,163
rev,48417,70
rev,48420,47
rev,48431,105
rev,48434,212
conv,48440,58
conv,48441,323
conv,48446,63
rev,48458,200
conv,48464,173
rev,48466,311
conv,48469,47
rev,48472,197
conv,48491,119
conv,48496,126
conv,48499,27
rev,48505,47
rev,48520,114
conv,48527,362
rev,48537,173
conv,48563,351
conv,48566,84
rev,48570,146
rev,48581,206
rev,48596,351
rev,48598,213
rev,48611,53
rev,48612,82
conv,48619,2
rev,48644,34
conv,48645,234
conv,48665,70
conv,48666,212
conv,48683,7
conv,48684,251
conv,48691,114
rev,48696,170
rev,48698,130
conv,48711,374
conv,48716,196
rev,48740,281
conv,48760,34
conv,48767,294
conv,48773,124
conv,48791,354
rev,48817,262
conv,48830,306
rev,48846,149
rev,48852,13
rev,48866,305
conv,48875,130
rev,48882,354
rev,48885,153
conv,48895,170
rev,48901,139
rev,48906,201
rev,48911,283
rev,48913,131
rev,48916,365
rev,48930,44
conv,48942,262
conv,48943,201
conv,48951,105
rev,48958,31
conv,48970,112
conv,48984,246
rev,48985,119
conv,49001,281
rev,49007,362
rev,49011,87
conv,49015,148
conv,49032,153
rev,49033,114
rev,49056,134
rev,49059,58
rev,49062,79
conv,49068,114
conv,49072,31
rev,49079,382
conv,49111,192
conv,49116,149
conv,49130,29
rev,49142,105
conv,49148,277
rev,49152,275
rev,49174,130
rev,49186,114
conv,49198,12
rev,49202,133
conv,49204,139
conv,49215,119
conv,49233,305
rev,49236,380
conv,49238,58
rev,49241,113
conv,49249,151
rev,49257,255
rev,49261,16
rev,49263,331
conv,49267,87
rev,49271,163
conv,49277,105
rev,49278,306
rev,49296,5
rev,49307,154
conv,49311,213
conv,49315,306
rev,49316,24
conv,49317,200
conv,49356,68
conv,49363,5
rev,49371,32
rev,49374,201
rev,49384,340
conv,49385,380
conv,49391,330
rev,49394,45
conv,49395,336
conv,49410,140
rev,49411,116
conv,49414,130
rev,49419,68
rev,49426,200
conv,49445,311
rev,49446,29
rev,49452,150
rev,49472,229
conv,49473,47
conv,49485,331
conv,49489,259
rev,49496,212
conv,49510,154
conv,49512,163
rev,49515,318
rev,49516,148
rev,49519,384
conv,49522,201
rev,49559,39
conv,49568,56
rev,49570,123
conv,49572,114
conv,49575,275
rev,49586,208
rev,49596,304
rev,49600,130
rev,49621,311
rev,49627,201
rev,49653,159
rev,49655,92
rev,49656,231
conv,49659,231
rev,49662,3
rev,49668,119
rev,49669,221
conv,49670,92
rev,49671,324
rev,49676,154
conv,49689,24
rev,49701,149
conv,49709,15
rev,49711,5
conv,49712,29
rev,49716,332
rev,49718,355
conv,49721,304
conv,49722,133
conv,49727,39
conv,49730,221
conv,49738,101
conv,49760,5
rev,49765,306
rev,49768,74
rev,49771,284
conv,49773,240
conv,49781,382
conv,49783,255
conv,49785,344
rev,49791,177
conv,49795,173
rev,49797,29
rev,49799,341
conv,49822,306
conv,49851,284
rev,49862,124
rev,49867,11
rev,49871,380
rev,49905,281
conv,49906,74
rev,49909,87
conv,49925,201
rev,49929,306
conv,49932,283
conv,49937,150
conv,49938,124
rev,49946,54
conv,49950,177
rev,49965,230
rev,49966,231
conv,49969,384
conv,49971,148
rev,49972,173
conv,49973,318
conv,49974,79
conv,49978,324
conv,49989,29
conv,50007,44
conv,50018,45
conv,50024,116
conv,50042,332
rev,50045,29
conv,50046,340
rev,50061,7
conv,50065,365
conv,50067,16
conv,50072,29
conv,50077,122
rev,50089,296
rev,50094,70
conv,50100,149
conv,50102,134
conv,50103,180
conv,50106,159
rev,50114,133
rev,50118,147
rev,50123,345
conv,50127,133
conv,50128,87
conv,50145,341
rev,50151,323
conv,50152,154
conv,50156,3
rev,50162,39
rev,50165,134
conv,50181,7
conv,50201,53
rev,50207,12
rev,50214,192
rev,50215,148
rev,50220,150
conv,50256,119
rev,50258,5
conv,50265,131
rev,50279,119
conv,50280,192
rev,50283,237
rev,50290,271
conv,50293,147
rev,50296,151
conv,50297,11
rev,50299,79
conv,50302,323
conv,50307,143
conv,50313,352
conv,50314,54
rev,50327,159
rev,50333,26
conv,50347,173
rev,50372,290
conv,50397,281
rev,50404,56
rev,50407,340
conv,50408,39
rev,50413,304
rev,50414,105
conv,50419,311
rev,50420,133
rev,50424,154
rev,50425,28
rev,50427,114
rev,50438,6
rev,50446,87
conv,50479,123
conv,50489,26
conv,50496,5
conv,50500,355
rev,50541,201
rev,50565,161
rev,50578,34
conv,50581,148
conv,50583,6
conv,50609,151
conv,50610,161
rev,50611,294
conv,50617,228
rev,50634,180
rev,50640,116
rev,50651,177
rev,50655,9
conv,50657,362
conv,50659,271
rev,50665,355
conv,50666,82
conv,50669,304
rev,50674,16
conv,50683,87
rev,50712,24
conv,50713,150
conv,50722,70
conv,50728,113
conv,50745,146
rev,50749,238
conv,50754,294
conv,50756,68
rev,50758,258
rev,50772,331
conv,50773,145
rev,50791,112
conv,50796,154
conv,50807,56
conv,50811,114
conv,50815,290
conv,50817,130
rev,50824,147
conv,50837,4
conv,50838,238
rev,50844,313
conv,50846,354
conv,50848,237
conv,50868,351
conv,50879,212
rev,50880,344
rev,50895,351
rev,50910,221
rev,50912,148
rev,50914,5
rev,50919,11
conv,50928,344
rev,50930,131
rev,50931,326
rev,50935,290
rev,50953,124
conv,50966,180
conv,50970,355
rev,50976,64
conv,50982,206
conv,51000,296
rev,51002,70
conv,51005,133
rev,51020,324
rev,51024,294
conv,51046,324
rev,51051,54
rev,51053,260
rev,51070,130
conv,51083,131
rev,51088,144
rev,51096,47
conv,51097,147
rev,51101,96
rev,51107,202
rev,51114,374
rev,51115,259
conv,51117,144
conv,51118,79
rev,51126,342
rev,51129,36
conv,51136,124
conv,51139,22
conv,51149,331
rev,51150,283
rev,51151,296
rev,51160,252
conv,51165,214
conv,51171,13
rev,51176,170
conv,51177,32
conv,51181,80
conv,51185,200
conv,51187,231
rev,51210,352
rev,51214,87
rev,51226,375
conv,51237,352
conv,51244,148
conv,51246,202
conv,51247,201
rev,51248,49
conv,51249,216
rev,51251,80
conv,51256,283
rev,51260,363
conv,51261,374
conv,51263,87
conv,51266,313
conv,51270,11
conv,51273,24
rev,51284,331
conv,51292,342
rev,51300,133
conv,51306,16
conv,51309,351
conv,51315,294
rev,51319,150
conv,51320,70
conv,51323,383
conv,51329,306
conv,51330,331
conv,51339,156
rev,51351,11
rev,51363,236
rev,51378,70
rev,51381,309
rev,51382,351
rev,51386,20
rev,51401,31
rev,51407,128
rev,51413,352
conv,51416,345
conv,51433,134
conv,51439,12
conv,51451,326
rev,51453,354
rev,51459,141
conv,51461,233
conv,51478,64
conv,51482,267
conv,51483,380
rev,51486,18
conv,51487,119
rev,51489,355
conv,51497,9
conv,51500,296
rev,51505,329
conv,51516,340
conv,51519,65
rev,51525,144
conv,51538,28
rev,51546,132
conv,51555,49
conv,51558,11
conv,51564,159
rev,51565,58
conv,51571,309
conv,51580,351
rev,51586,180
rev,51598,145
conv,51601,31
conv,51605,70
rev,51643,124
conv,51654,33
rev,51693,111
rev,51707,27
rev,51708,303
rev,51722,309
conv,51723,20
rev,51725,237
conv,51741,270
conv,51745,319
rev,51757,87
rev,51764,351
conv,51768,375
rev,51769,16
conv,51776,144
conv,51778,5
rev,51784,127
conv,51786,87
rev,51789,213
conv,51790,177
conv,51791,116
conv,51816,127
rev,51818,382
rev,51826,179
conv,51833,236
conv,51837,34
rev,51839,116
rev,51842,271
conv,51861,355
rev,51869,15
rev,51873,304
conv,51879,290
conv,51888,260
rev,51894,296
conv,51916,47
conv,51929,197
rev,51932,100
conv,51941,130
conv,51943,111
rev,51944,140
rev,51957,306
rev,51963,111
rev,51970,146
rev,51977,68
rev,51979,155
rev,51986,331
rev,52019,11
rev,52025,136
rev,52029,374
rev,52032,134
rev,52043,219
rev,52045,276
rev,52048,311
rev,52050,7
rev,52059,147
conv,52077,134
rev,52086,319
rev,52092,227
conv,52096,208
rev,52101,192
rev,52112,365
conv,52114,329
rev,52119,246
conv,52120,7
rev,52122,208
conv,52123,331
rev,52135,45
conv,52140,145
rev,52147,161
conv,52158,11
rev,52163,145
conv,52165,319
conv,52170,180
conv,52197,141
rev,52198,318
rev,52200,355
conv,52203,170
rev,52209,319
conv,52215,16
conv,52218,382
conv,52238,145
conv,52247,150
rev,52249,119
conv,52258,19
rev,52268,34
conv,52277,132
rev,52279,270
rev,52280,153
conv,52303,27
rev,52314,313
rev,52315,340
conv,52337,105
rev,52354,285
conv,52366,374
conv,52373,213
rev,52381,39
rev,52391,383
rev,52399,65
rev,52401,228
conv,52410,313
conv,52411,96
conv,52413,153
rev,52420,150
conv,52427,296
rev,52430,21
rev,52435,281
rev,52436,154
rev,52437,345
conv,52445,355
conv,52446,68
conv,52468,21
conv,52470,15
conv,52484,270
conv,52488,39
rev,52496,234
rev,52497,141
conv,52511,271
rev,52512,24
conv,52513,304
conv,52524,71
conv,52526,34
rev,52528,102
conv,52533,230
rev,52536,39
rev,52547,28
conv,52553,208
conv,52555,100
conv,52563,276
rev,52565,254
rev,52571,212
conv,52572,234
rev,52576,167
rev,52581,380
rev,52584,213
rev,52590,56
conv,52592,154
conv,52605,254
rev,52610,367
conv,52618,192
rev,52627,324
conv,52631,58
conv,52646,340
conv,52671,237
conv,52693,354
conv,52695,167
rev,52696,48
rev,52700,145
conv,52706,119
conv,52710,145
conv,52711,112
conv,52723,36
rev,52729,13
rev,52738,134
rev,52747,26
rev,52752,340
rev,52754,362
rev,52756,152
conv,52764,155
rev,52771,15
rev,52778,22
rev,52783,294
conv,52784,363
rev,52803,70
rev,52808,139
rev,52809,200
rev,52812,271
conv,52816,150
conv,52833,70
conv,52844,65
rev,52853,290
rev,52857,384
rev,52865,150
conv,52871,80
rev,52884,321
rev,52890,12
rev,52891,38
conv,52892,102
conv,52909,258
rev,52938,177
conv,52942,340
conv,52945,13
conv,52953,303
rev,52960,276
conv,52973,294
rev,52979,87
conv,52981,271
rev,52983,7
conv,52993,22
conv,52998,318
rev,53008,53
conv,53017,133
conv,53019,213
rev,53024,232
conv,53028,56
rev,53033,202
rev,53035,318
rev,53036,341
rev,53051,329
conv,53062,259
rev,53075,255
conv,53076,128
conv,53078,124
conv,53085,360
rev,53087,355
conv,53098,341
conv,53112,228
conv,53118,255
conv,53133,252
conv,53134,355
rev,53142,247
conv,53144,116
conv,53160,285
conv,53161,53
conv,53170,309
rev,53176,278
rev,53179,124
conv,53206,48
rev,53207,21
rev,53214,100
conv,53232,124
rev,53235,167
conv,53239,177
conv,53244,158
conv,53248,100
rev,53253,342
conv,53260,227
rev,53262,213
rev,53268,47
conv,53292,18
rev,53297,68
conv,53298,383
conv,53318,47
rev,53319,2
conv,53338,306
conv,53356,39
conv,53359,380
rev,53362,130
conv,53375,311
rev,53389,133
rev,53401,192
rev,53402,58
rev,53412,323
rev,53421,227
rev,53424,127
conv,53426,141
rev,53437,141
rev,53443,165
conv,53451,130
conv,53452,164
conv,53459,7
conv,53463,356
rev,53469,7
rev,53475,313
rev,53482,96
rev,53487,331
rev,53498,311
rev,53500,374
conv,53503,161
rev,53508,203
rev,53512,372
conv,53513,58
rev,53515,17
conv,53535,134
rev,53537,158
conv,53539,165
conv,53562,179
rev,53571,275
rev,53581,145
conv,53587,229
conv,53588,21
rev,53593,363
conv,53611,7
rev,53613,306
conv,53618,200
rev,53626,39
conv,53630,313
rev,53658,112
conv,53661,384
rev,53665,157
conv,53666,311
conv,53667,324
conv,53684,157
rev,53687,259
conv,53689,266
conv,53691,362
conv,53701,145
rev,53709,134
conv,53710,352
conv,53725,158
rev,53726,154
rev,53731,228
conv,53732,221
rev,53735,384
conv,53738,306
conv,53755,15
conv,53766,275
rev,53767,130
rev,53777,63
rev,53798,156
rev,53799,237
conv,53801,96
conv,53809,139
conv,53811,152
conv,53823,212
conv,53825,367
conv,53831,318
conv,53840,45
conv,53847,237
conv,53887,127
conv,53890,137
rev,53902,212
rev,53903,313
conv,53912,374
rev,53913,96
conv,53936,147
conv,53943,247
conv,53945,112
rev,53953,144
conv,53961,363
rev,53965,197
rev,53971,306
rev,53973,21
conv,53977,28
conv,53980,17
rev,53984,295
conv,54002,8
conv,54008,136
rev,54035,285
rev,54039,332
conv,54040,2
rev,54052,53
rev,54057,322
rev,54068,34
rev,54069,229
rev,54089,20
rev,54091,11
rev,54101,294
conv,54103,26
conv,54113,146
rev,54130,18
conv,54141,53
rev,54148,145
conv,54157,321
conv,54179,18
rev,54191,79
rev,54195,200
rev,54198,177
rev,54254,181
rev,54257,6
conv,54263,145
conv,54266,34
rev,54267,119
rev,54278,237
rev,54286,88
rev,54303,374
conv,54304,134
rev,54305,355
rev,54311,71
rev,54320,296
conv,54329,39
conv,54364,228
conv,54372,133
conv,54373,144
rev,54375,180
conv,54377,306
rev,54383,158
rev,54398,100
conv,54400,372
rev,54404,106
conv,54409,281
conv,54411,285
conv,54414,329
rev,54421,175
conv,54426,365
conv,54427,345
rev,54435,29
conv,54441,12
conv,54448,192
rev,54449,289
conv,54453,100
rev,54458,7
rev,54466,134
conv,54470,202
conv,54474,167
rev,54476,352
rev,54503,345
conv,54505,219
conv,54509,169
rev,54512,9
rev,54528,138
conv,54531,88
rev,54543,58
rev,54547,122
conv,54550,181
conv,54552,29
conv,54564,345
rev,54565,204
conv,54581,203
rev,54586,39
conv,54617,156
conv,54623,87
conv,54624,351
conv,54629,61
conv,54642,9
rev,54643,53
rev,54658,321
conv,54665,332
rev,54666,345
conv,54673,158
rev,54675,2
conv,54679,63
conv,54686,323
rev,54692,365
conv,54705,171
conv,54721,289
rev,54725,147
conv,54732,24
conv,54736,2
rev,54738,29
conv,54739,134
conv,54742,345
rev,54763,32
rev,54801,153
rev,54802,13
rev,54822,70
rev,54829,281
rev,54832,306
conv,54834,294
rev,54836,228
rev,54837,19
conv,54839,111
conv,54845,259
conv,54849,69
rev,54853,5
conv,54854,153
rev,54862,26
conv,54864,197
rev,54865,125
rev,54866,113
rev,54870,28
rev,54874,357
conv,54876,7
rev,54883,231
rev,54884,111
rev,54917,127
rev,54920,310
rev,54925,114
conv,54929,20
conv,54930,147
rev,54932,82
conv,54940,287
conv,54947,11
rev,54968,147
rev,54969,136
conv,54979,138
rev,54986,294
conv,55007,212
rev,55008,303
conv,55011,294
rev,55014,266
conv,55015,82
rev,55016,340
conv,55023,303
conv,55025,6
conv,55026,229
rev,55040,356
rev,55041,7
rev,55045,192
conv,55046,21
conv,55050,355
rev,55054,301
rev,55062,345
conv,55064,66
conv,55065,111
rev,55066,324
rev,55067,80
rev,55078,15
rev,55081,98
conv,55082,58
conv,55093,39
conv,55095,141
rev,55097,2
rev,55110,145
conv,55111,296
conv,55124,231
conv,55133,384
rev,55137,148
conv,55138,154
conv,55151,204
rev,55154,384
conv,55155,53
rev,55161,100
rev,55164,153
conv,55165,306
rev,55166,53
rev,55189,323
conv,55199,180
conv,55208,7
conv,55214,28
rev,55228,299
conv,55229,26
rev,55231,251
rev,55239,56
conv,55240,140
rev,55247,138
rev,55258,259
rev,55262,231
rev,55266,311
rev,55268,193
conv,55277,227
conv,55291,188
conv,55301,147
conv,55306,331
conv,55326,340
rev,55345,26
rev,55352,124
conv,55358,119
conv,55360,98
conv,55361,313
rev,55384,294
conv,55407,237
conv,55413,200
conv,55441,150
conv,55456,80
conv,55460,365
rev,55468,340
rev,55480,229
conv,55482,231
rev,55483,382
conv,55485,114
rev,55490,109
conv,55495,26
rev,55502,133
conv,55511,127
conv,55514,345
conv,55516,281
conv,55524,321
conv,55531,259
rev,55533,242
rev,55544,82
conv,55549,56
conv,55550,125
rev,55567,289
rev,55570,150
conv,55574,357
conv,55584,311
rev,55589,197
rev,55603,363
rev,55607,357
rev,55613,7
conv,55615,29
rev,55617,147
conv,55626,213
rev,55631,169
rev,55641,165
conv,55644,7
rev,55645,23
rev,55647,119
conv,55650,145
conv,55656,357
conv,55657,169
rev,55661,8
conv,55662,323
conv,55663,193
conv,55668,32
conv,55671,290
rev,55679,331
rev,55680,125
rev,55684,65
conv,55695,294
conv,55697,384
conv,55699,382
conv,55706,136
rev,55715,170
rev,55736,36
conv,55745,138
rev,55747,11
rev,55754,136
conv,55756,301
conv,55772,10
rev,55776,237
rev,55783,144
rev,55793,259
conv,55794,38
conv,55795,246
conv,55806,71
rev,55828,208
rev,55835,161
conv,55836,109
conv,55844,242
rev,55849,45
conv,55853,331
conv,55858,68
conv,55860,356
conv,55861,153
conv,55862,165
conv,55863,150
rev,55864,128
conv,55865,353
rev,55867,127
rev,55870,134
rev,55878,345
conv,55884,322
conv,55890,134
rev,55894,115
rev,55905,328
rev,55914,306
rev,55918,134
rev,55935,351
rev,55938,146
rev,55939,365
rev,55949,7
rev,55950,201
rev,55968,34
conv,55971,374
conv,55982,365
conv,55984,82
conv,55985,351
conv,55987,208
conv,55992,127
rev,55996,39
rev,56000,212
conv,56004,100
rev,56030,193
conv,56042,363
rev,56057,260
rev,56062,203
rev,56065,351
conv,56081,161
conv,56085,260
conv,56094,342
conv,56102,23
rev,56108,29
conv,56133,276
conv,56138,203
rev,56145,262
rev,56157,244
conv,56164,134
rev,56178,109
rev,56180,169
conv,56184,15
conv,56189,106
conv,56200,144
rev,56203,355
conv,56205,244
rev,56206,66
conv,56217,212
conv,56223,175
conv,56230,345
rev,56238,144
rev,56241,212
conv,56252,2
conv,56264,170
conv,56265,65
conv,56267,11
rev,56292,361
rev,56296,322
conv,56320,237
rev,56323,271
conv,56332,136
conv,56334,201
conv,56335,197
rev,56339,71
rev,56340,165
rev,56344,100
rev,56352,239
conv,56353,169
conv,56375,7
conv,56380,39
rev,56384,32
rev,56389,112
conv,56390,251
rev,56397,136
rev,56399,197
rev,56405,161
conv,56406,103
rev,56408,24
conv,56423,24
conv,56429,136
conv,56440,306
rev,56441,252
conv,56447,339
conv,56448,53
conv,56451,122
rev,56454,291
rev,56462,56
rev,56468,251
rev,56470,281
rev,56477,6
conv,56479,144
conv,56483,13
conv,56484,228
conv,56489,79
rev,56497,175
rev,56500,7
rev,56501,347
rev,56516,260
conv,56525,109
rev,56526,342
rev,56540,206
conv,56541,192
conv,56549,66
rev,56550,178
conv,56553,100
rev,56569,174
rev,56575,144
rev,56576,231
rev,56592,155
rev,56593,100
rev,56596,92
rev,56598,53
conv,56600,175
conv,56618,112
rev,56619,33
conv,56622,155
rev,56625,134
conv,56629,178
conv,56633,8
rev,56641,331
conv,56645,96
rev,56646,96
rev,56647,15
rev,56651,152
conv,56667,340
conv,56672,266
rev,56673,64
conv,56674,56
conv,56679,19
conv,56682,7
conv,56685,115
rev,56688,145
rev,56690,24
conv,56711,35
rev,56712,35
conv,56727,328
rev,56732,311
conv,56744,53
conv,56770,252
conv,56786,355
conv,56790,245
rev,56796,68
rev,56800,242
conv,56801,232
conv,56803,146
rev,56804,59
conv,56813,133
conv,56817,212
conv,56828,361
rev,56839,25
rev,56841,213
rev,56845,11
conv,56852,165
rev,56857,236
conv,56869,213
conv,56885,134
conv,56887,174
rev,56888,374
rev,56889,134
rev,56896,213
conv,56898,5
conv,56901,331
conv,56913,242
rev,56917,122
conv,56918,177
conv,56933,70
rev,56939,366
conv,56945,36
conv,56959,100
conv,56963,6
conv,56990,311
rev,56996,126
conv,57001,260
conv,57009,68
conv,57012,324
rev,57019,146
rev,57040,202
rev,57046,208
rev,57049,306
conv,57055,193
rev,57056,301
rev,57065,56
conv,57068,54
conv,57072,229
rev,57078,340
rev,57080,68
conv,57085,124
conv,57088,206
rev,57089,362
conv,57091,119
conv,57097,145
conv,57103,374
rev,57111,66
rev,57112,116
rev,57113,7
conv,57116,15
conv,57127,59
rev,57128,91
conv,57131,347
rev,57135,374
conv,57142,56
rev,57157,192
rev,57180,175
conv,57183,161
conv,57186,231
conv,57188,35
rev,57191,131
rev,57192,360
conv,57197,197
rev,57213,136
rev,57216,201
conv,57223,68
conv,57230,25
rev,57237,43
rev,57247,53
conv,57253,301
rev,57272,84
rev,57275,357
rev,57290,9
conv,57291,208
rev,57303,167
rev,57316,79
conv,57331,29
conv,57332,126
rev,57333,70
conv,57336,91
rev,57353,197
rev,57361,22
conv,57366,362
rev,57383,212
conv,57389,71
conv,57390,289
rev,57392,356
conv,57395,271
conv,57396,113
conv,57408,22
rev,57419,246
rev,57427,22
rev,57444,331
rev,57459,161
conv,57483,32
conv,57505,92
rev,57511,69
conv,57515,128
conv,57535,45
conv,57539,167
rev,57540,154
conv,57546,262
rev,57547,54
conv,57548,144
conv,57551,192
conv,57554,147
rev,57563,12
conv,57574,22
conv,57583,122
rev,57588,139
rev,57593,145
rev,57594,384
conv,57610,213
conv,57629,251
rev,57633,178
conv,57638,66
rev,57645,270
conv,57648,286
rev,57651,149
conv,57659,197
conv,57691,12
rev,57698,169
rev,57714,71
conv,57718,340
conv,57721,360
rev,57745,65
conv,57763,357
conv,57764,152
rev,57766,192
conv,57768,54
conv,57775,65
conv,57785,139
rev,57787,258
rev,57788,28
rev,57792,242
rev,57807,39
conv,57811,270
rev,57812,68
conv,57818,236
rev,57827,112
conv,57832,192
conv,57834,281
conv,57840,116
conv,57848,71
rev,57851,115
conv,57858,306
rev,57859,113
conv,57864,202
conv,57865,154
conv,57882,130
rev,57883,82
conv,57918,39
conv,57925,356
conv,57932,145
rev,57934,255
conv,57939,374
rev,57948,133
rev,57953,202
rev,57964,227
conv,57970,202
conv,57976,295
rev,57981,305
conv,57982,112
conv,57983,9
conv,57984,115
rev,57985,13
conv,57996,134
rev,57999,116
conv,58010,178
rev,58013,202
rev,58032,152
rev,58035,192
rev,58046,122
conv,58060,28
rev,58061,294
rev,58077,213
conv,58097,342
rev,58109,197
rev,58110,174
conv,58112,291
conv,58115,116
conv,58126,239
conv,58135,64
conv,58137,169
conv,58141,384
rev,58149,360
rev,58152,144
conv,58156,192
rev,58170,357
rev,58173,116
rev,58174,66
rev,58176,192
conv,58181,242
rev,58183,15
conv,58191,212
rev,58199,39
rev,58204,112
rev,58209,87
rev,58217,145
rev,58218,130
rev,58219,279
conv,58221,246
rev,58230,169
rev,58232,344
conv,58237,84
rev,58245,289
conv,58270,299
conv,58282,70
rev,58285,342
rev,58287,206
conv,58300,79
conv,58301,149
conv,58302,43
rev,58303,147
rev,58308,149
conv,58332,130
rev,58341,79
rev,58343,221
conv,58353,147
rev,58368,306
rev,58385,328
rev,58386,29
rev,58395,285
rev,58397,323
conv,58403,227
conv,58404,322
rev,58408,150
conv,58410,122
rev,58417,345
conv,58420,366
rev,58425,237
rev,58434,19
rev,58439,75
conv,58458,305
conv,58465,289
conv,58471,145
conv,58481,206
rev,58482,154
rev,58495,36
rev,58497,366
rev,58498,26
rev,58499,56
conv,58504,213
conv,58508,11
conv,58520,366
conv,58528,13
conv,58532,79
conv,58537,112
rev,58539,228
rev,58547,117
rev,58574,119
rev,58577,65
conv,58578,228
rev,58580,336
conv,58581,285
rev,58587,206
conv,58594,258
rev,58599,262
conv,58601,68
rev,58609,126
conv,58613,344
conv,58636,259
rev,58660,372
conv,58661,201
conv,58664,306
conv,58668,29
rev,58693,38
rev,58714,347
rev,58725,321
conv,58726,192
conv,58736,347
rev,58739,79
conv,58744,113
conv,58750,126
rev,58754,374
rev,58760,177
rev,58763,113
conv,58765,75
conv,58782,206
rev,58790,71
conv,58791,144
conv,58798,96
conv,58803,1
rev,58809,340
rev,58818,301
conv,58826,125
rev,58830,144
conv,58834,172
conv,58839,65
conv,58848,66
conv,58854,321
rev,58859,192
conv,58870,174
conv,58893,357
rev,58896,213
rev,58900,227
rev,58915,347
rev,58918,201
conv,58919,117
rev,58920,65
rev,58921,362
conv,58926,347
conv,58928,87
rev,58935,130
conv,58936,177
conv,58938,279
rev,58951,31
conv,58962,294
conv,58963,221
conv,58969,133
conv,58971,345
conv,58980,38
rev,58987,231
conv,59006,131
rev,59015,9
conv,59020,79
rev,59022,2
rev,59034,183
conv,59041,149
conv,59042,113
conv,59048,197
rev,59052,158
rev,59055,177
conv,59062,323
conv,59064,237
rev,59069,285
rev,59076,43
conv,59094,285
conv,59096,201
rev,59098,174
conv,59103,213
rev,59115,290
rev,59118,75
rev,59121,201
rev,59126,112
rev,59127,134
rev,59130,91
conv,59132,340
rev,59138,149
conv,59140,33
rev,59142,138
conv,59144,130
conv,59153,169
rev,59158,259
rev,59161,353
conv,59164,201
rev,59178,59
rev,59179,125
rev,59180,281
conv,59184,34
rev,59188,260
rev,59195,128
rev,59197,28
rev,59207,12
rev,59211,1
rev,59216,87
rev,59219,41
conv,59227,161
rev,59228,114
conv,59234,112
rev,59240,40
rev,59245,34
rev,59251,45
rev,59258,106
conv,59259,39
rev,59270,285
rev,59271,115
conv,59278,175
rev,59283,228
conv,59289,331
rev,59290,313
rev,59291,79
conv,59320,231
conv,59322,372
conv,59345,31
conv,59361,262
rev,59368,383
rev,59373,180
conv,59375,26
conv,59378,301
conv,59400,146
conv,59408,134
conv,59420,138
conv,59422,336
conv,59429,128
rev,59433,301
conv,59434,119
rev,59441,212
conv,59446,290
conv,59464,45
rev,59466,146
conv,59471,9
rev,59473,201
rev,59476,153
rev,59478,289
conv,59483,352
conv,59490,202
rev,59497,246
conv,59499,59
rev,59503,11
conv,59507,2
rev,59519,271
conv,59525,144
conv,59528,154
rev,59540,206
rev,59543,154
rev,59548,130
rev,59551,84
rev,59552,221
rev,59556,59
conv,59561,183
rev,59566,134
conv,59576,285
conv,59597,87
conv,59605,106
conv,59609,75
conv,59620,12
conv,59621,180
rev,59625,131
conv,59626,146
conv,59645,212
rev,59660,122
rev,59661,13
rev,59665,126
conv,59666,131
conv,59667,360
rev,59673,193
rev,59688,10
rev,59689,311
conv,59706,65
conv,59723,79
conv,59724,174
conv,59744,130
rev,59745,180
rev,59748,347
rev,59771,169
conv,59777,289
rev,59802,96
conv,59803,192
conv,59806,301
rev,59818,75
rev,59819,324
conv,59820,56
conv,59853,169
conv,59854,34
rev,59863,145
rev,59872,170
rev,59873,212
conv,59886,206
rev,59894,213
conv,59895,180
conv,59906,114
rev,59907,262
rev,59911,87
conv,59922,347
rev,59925,130
conv,59930,260
rev,59948,178
conv,59949,28
conv,59956,383
conv,59959,96
conv,59969,353
rev,59974,9
conv,59988,91
conv,59991,152
conv,60007,145
conv,60008,125
rev,60009,152
conv,60014,255
rev,60020,169
rev,60023,156
conv,60027,328
rev,60030,141
conv,60046,374
conv,60049,50
conv,60058,311
conv,60073,150
rev,60083,304
rev,60085,32
rev,60088,139
rev,60090,219
conv,60091,154
conv,60095,148
conv,60096,116
rev,60101,239
conv,60109,115
conv,60122,156
conv,60123,84
conv,60128,136
rev,60142,117
rev,60159,181
conv,60160,194
rev,60165,25
conv,60171,351
conv,60176,59
rev,60178,255
rev,60183,197
conv,60187,126
rev,60194,383
conv,60212,87
conv,60221,141
conv,60229,9
conv,60230,213
rev,60240,311
rev,60241,8
conv,60242,19
rev,60245,175
rev,60257,131
rev,60291,345
conv,60298,11
conv,60299,40
conv,60302,228
conv,60304,178
conv,60308,75
rev,60320,98
rev,60324,372
rev,60328,87
rev,60333,114
rev,60335,154
rev,60336,106
conv,60347,15
conv,60353,304
rev,60362,126
rev,60373,115
rev,60381,347
conv,60383,71
conv,60395,221
conv,60404,346
conv,60408,175
conv,60412,313
rev,60420,306
rev,60422,144
conv,60423,82
rev,60424,178
rev,60432,192
conv,60454,306
conv,60458,131
rev,60461,164
conv,60462,342
conv,60467,219
conv,60468,262
conv,60478,178
rev,60482,91
conv,60487,25
rev,60489,39
conv,60496,372
rev,60503,58
rev,60507,161
rev,60511,211
rev,60513,133
conv,60514,13
conv,60519,58
rev,60529,71
rev,60554,351
conv,60559,255
conv,60580,193
rev,60583,68
rev,60591,92
rev,60601,23
rev,60602,11
conv,60604,71
rev,60607,174
conv,60619,158
conv,60630,144
rev,60634,200
conv,60640,41
rev,60645,355
conv,60657,227
conv,60659,197
rev,60660,34
rev,60665,147
rev,60674,313
rev,60690,145
rev,60692,353
conv,60698,345
rev,60721,82
conv,60724,152
conv,60726,313
rev,60732,206
rev,60741,5
rev,60744,112
rev,60747,213
rev,60749,180
rev,60755,100
rev,60757,251
conv,60761,212
rev,60771,75
conv,60775,161
conv,60776,115
rev,60792,248
rev,60793,54
conv,60795,246
rev,60799,66
conv,60810,278
conv,60816,153
conv,60826,134
rev,60829,313
conv,60846,170
rev,60849,283
rev,60866,79
rev,60869,64
conv,60872,24
rev,60876,146
rev,60881,134
conv,60889,139
rev,60896,13
conv,60897,79
rev,60901,24
conv,60905,313
conv,60907,174
conv,60915,75
conv,60918,54
rev,60924,340
conv,60936,11
conv,60954,355
rev,60967,84
rev,60974,119
rev,60975,178
rev,60980,152
conv,60982,92
conv,60989,134
rev,61001,384
conv,61005,5
rev,61007,97
conv,61012,192
conv,61023,84
conv,61026,206
conv,61035,149
rev,61039,144
conv,61040,64
rev,61043,35
conv,61046,34
rev,61057,139
rev,61058,75
rev,61062,374
rev,61084,148
conv,61086,106
conv,61089,35
conv,61091,374
conv,61105,69
rev,61116,175
rev,61120,255
conv,61128,39
rev,61130,370
conv,61140,281
conv,61154,82
conv,61158,144
rev,61168,267
conv,61186,7
rev,61187,296
rev,61192,380
conv,61193,147
rev,61194,262
rev,61202,33
conv,61203,24
conv,61216,319
conv,61217,324
conv,61218,122
conv,61220,117
conv,61231,351
rev,61232,7
rev,61238,96
rev,61241,228
rev,61244,305
conv,61245,145
conv,61254,305
rev,61260,5
conv,61288,5
conv,61292,139
conv,61293,211
rev,61295,24
rev,61299,194
conv,61311,164
rev,61317,313
rev,61320,111
conv,61324,97
conv,61331,340
rev,61337,39
rev,61345,106
conv,61353,310
conv,61357,10
conv,61364,283
rev,61365,136
rev,61375,357
rev,61387,5
rev,61396,197
conv,61398,24
conv,61411,136
rev,61427,11
conv,61431,154
rev,61433,363
conv,61436,39
rev,61447,149
conv,61448,177
rev,61450,163
rev,61452,281
conv,61457,43
rev,61468,71
conv,61473,181
rev,61478,10
rev,61479,39
rev,61480,328
conv,61483,100
conv,61484,255
conv,61485,248
rev,61493,38
conv,61500,201
rev,61507,161
conv,61512,175
rev,61519,260
conv,61520,313
rev,61529,254
conv,61530,149
conv,61545,213
rev,61546,283
rev,61552,144
rev,61559,27
rev,61578,309
rev,61588,134
rev,61591,174
rev,61596,131
conv,61604,134
rev,61610,304
rev,61614,213
conv,61620,251
rev,61631,156
rev,61632,70
rev,61638,35
rev,61639,306
conv,61642,68
conv,61653,363
conv,61657,362
conv,61667,309
conv,61692,228
rev,61697,139
conv,61706,254
rev,61708,278
rev,61709,249
conv,61710,106
rev,61753,340
conv,61762,96
rev,61782,375
rev,61783,154
conv,61784,131
conv,61786,169
rev,61792,301
rev,61802,41
conv,61805,370
conv,61809,5
rev,61810,136
rev,61823,181
conv,61846,33
conv,61853,224
rev,61858,351
rev,61859,322
rev,61864,205
conv,61887,126
rev,61888,84
conv,61899,304
conv,61905,38
conv,61907,180
rev,61909,342
rev,61910,64
rev,61912,58
rev,61923,285
rev,61926,365
rev,61930,115
conv,61937,154
conv,61946,380
conv,61952,357
rev,61958,100
conv,61960,27
conv,61962,342
conv,61966,115
conv,61967,87
rev,61976,54
rev,61979,236
conv,61984,262
rev,61986,352
conv,61990,10
rev,61999,373
conv,62008,66
conv,62035,373
rev,62037,154
conv,62038,156
rev,62046,262
conv,62052,154
conv,62055,32
conv,62056,352
conv,62058,285
rev,62060,69
rev,62094,138
rev,62109,352
rev,62110,99
conv,62112,136
conv,62116,178
conv,62117,340
conv,62130,11
rev,62131,228
conv,62132,351
rev,62133,28
rev,62152,219
conv,62154,64
conv,62157,306
conv,62158,91
rev,62160,151
conv,62167,322
rev,62169,34
conv,62171,278
rev,62173,150
rev,62179,313
conv,62182,70
rev,62191,340
conv,62193,114
rev,62195,153
rev,62196,106
conv,62207,100
conv,62212,1
conv,62224,313
rev,62233,88
conv,62239,53
rev,62246,38
conv,62247,383
conv,62271,262
rev,62275,313
conv,62280,28
conv,62293,36
conv,62299,84
rev,62303,29
rev,62308,140
rev,62311,114
rev,62315,66
rev,62318,294
rev,62320,6
conv,62324,35
conv,62325,181
rev,62326,115
rev,62342,122
conv,62343,301
rev,62349,301
rev,62356,362
conv,62368,98
conv,62376,111
rev,62379,321
rev,62380,124
conv,62382,163
conv,62389,8
rev,62395,11
conv,62402,144
conv,62415,148
rev,62419,79
rev,62423,15
rev,62427,131
rev,62449,145
conv,62458,15
rev,62463,372
rev,62467,254
conv,62476,365
conv,62477,131
rev,62479,131
conv,62481,58
rev,62490,22
conv,62499,71
rev,62501,51
conv,62502,79
conv,62505,347
rev,62510,100
conv,62514,146
rev,62519,8
conv,62523,228
conv,62530,145
conv,62537,239
rev,62540,248
rev,62543,103
rev,62544,239
rev,62554,374
conv,62557,29
conv,62559,133
conv,62560,205
conv,62561,22
rev,62567,24
rev,62577,277
rev,62581,202
rev,62588,351
rev,62590,91
conv,62591,115
conv,62595,281
conv,62602,375
conv,62604,100
conv,62610,39
rev,62620,146
conv,62624,66
conv,62631,8
conv,62637,99
rev,62648,285
conv,62650,174
conv,62652,340
conv,62654,352
rev,62656,162
conv,62666,248
rev,62668,380
rev,62676,154
rev,62690,206
conv,62704,119
rev,62707,222
rev,62714,228
rev,62725,134
conv,62726,311
conv,62727,54
rev,62728,68
rev,62730,178
rev,62736,40
conv,62738,122
conv,62739,103
conv,62741,38
conv,62744,178
conv,62746,112
conv,62747,131
rev,62752,133
rev,62768,21
rev,62769,201
rev,62782,96
conv,62784,384
conv,62803,206
rev,62808,115
rev,62815,131
conv,62825,283
conv,62835,285
conv,62836,150
rev,62850,281
rev,62857,322
conv,62863,321
conv,62871,24
conv,62875,197
conv,62877,151
conv,62878,40
rev,62881,204
conv,62898,11
conv,62925,131
rev,62939,70
rev,62942,197
conv,62947,139
rev,62949,255
conv,62952,13
rev,62954,92
conv,62956,114
conv,62977,23
rev,62978,147
rev,62981,178
conv,62986,219
rev,62988,111
rev,62989,375
conv,62993,153
rev,62997,309
conv,62999,115
rev,63009,342
conv,63010,70
rev,63011,70
conv,63015,362
rev,63028,160
conv,63034,51
conv,63037,259
rev,63039,238
conv,63041,154
rev,63054,54
rev,63058,156
conv,63069,160
rev,63073,347
conv,63076,277
rev,63080,19
rev,63099,262
rev,63111,32
conv,63113,178
rev,63118,11
conv,63126,147
rev,63132,356
rev,63138,114
rev,63146,306
conv,63151,254
rev,63152,18
conv,63161,106
conv,63170,134
conv,63179,380
rev,63195,227
conv,63196,32
conv,63201,75
conv,63209,130
conv,63210,375
conv,63214,239
conv,63229,204
conv,63232,222
rev,63234,16
rev,63248,12
rev,63249,169
conv,63250,54
rev,63273,35
conv,63287,255
rev,63289,109
conv,63297,347
rev,63308,347
conv,63313,294
conv,63318,109
rev,63326,9
rev,63334,174
conv,63339,7
conv,63341,12
conv,63345,260
rev,63351,264
conv,63352,342
rev,63355,131
conv,63364,41
rev,63369,294
rev,63379,150
rev,63381,58
rev,63386,57
conv,63389,16
conv,63390,96
rev,63394,33
rev,63396,22
rev,63398,41
rev,63401,79
rev,63404,139
conv,63405,322
conv,63407,133
rev,63410,380
conv,63412,372
conv,63420,380
conv,63428,351
rev,63431,75
rev,63434,87
conv,63449,41
rev,63464,73
rev,63471,244
rev,63497,254
conv,63498,91
conv,63499,169
conv,63508,73
rev,63512,144
conv,63515,34
rev,63524,351
rev,63529,345
conv,63543,347
conv,63546,313
conv,63554,114
conv,63555,57
rev,63561,133
rev,63566,383
rev,63571,188
rev,63582,7
rev,63586,382
rev,63587,147
conv,63588,138
conv,63589,19
rev,63590,365
rev,63594,53
rev,63597,43
rev,63612,138
conv,63628,249
conv,63630,69
conv,63638,79
conv,63650,382
conv,63658,356
rev,63659,54
conv,63663,92
rev,63671,380
conv,63696,53
conv,63704,111
rev,63708,84
rev,63710,360
conv,63713,88
rev,63730,375
conv,63732,244
conv,63739,140
rev,63741,92
conv,63744,380
rev,63745,40
rev,63752,100
conv,63765,296
rev,63768,69
conv,63773,328
conv,63778,40
rev,63779,164
rev,63789,64
rev,63792,8
rev,63814,259
rev,63815,71
rev,63818,119
rev,63821,38
rev,63824,239
conv,63831,124
conv,63834,58
conv,63839,70
conv,63842,87
rev,63845,275
rev,63850,303
conv,63854,33
conv,63861,92
rev,63874,120
conv,63888,281
conv,63891,236
conv,63897,64
rev,63904,145
conv,63920,174
conv,63947,75
conv,63964,197
conv,63971,71
conv,63981,161
rev,63985,130
rev,63987,347
rev,63994,153
rev,64001,136
rev,64010,115
rev,64017,87
rev,64023,195
rev,64025,355
conv,64026,69
conv,64029,9
rev,64037,88
conv,64046,275
rev,64066,71
conv,64071,188
conv,64073,306
rev,64079,106
conv,64093,120
rev,64095,305
rev,64103,53
conv,64112,84
rev,64116,281
conv,64132,213
rev,64147,70
conv,64154,130
conv,64156,6
conv,64163,152
conv,64167,201
conv,64174,43
rev,64183,212
rev,64196,92
conv,64201,309
conv,64232,7
conv,64238,8
rev,64239,161
conv,64240,195
conv,64249,355
conv,64255,202
conv,64260,53
conv,64261,119
rev,64262,40
conv,64263,345
conv,64266,238
conv,64278,144
rev,64279,64
rev,64280,0
rev,64285,56
conv,64290,92
conv,64291,88
conv,64292,145
conv,64298,115
conv,64299,156
rev,64311,309
conv,64312,347
rev,64316,119
rev,64318,345
conv,64328,56
rev,64345,141
conv,64348,138
rev,64352,342
conv,64355,133
rev,64364,65
rev,64370,34
conv,64373,264
conv,64374,374
rev,64376,13
rev,64400,125
rev,64404,258
rev,64409,92
rev,64410,285
rev,64433,56
rev,64442,130
conv,64454,106
conv,64455,342
rev,64464,158
rev,64486,169
conv,64494,136
conv,64498,38
rev,64507,63
rev,64508,213
rev,64512,134
rev,64515,124
rev,64518,84
conv,64525,375
conv,64535,21
conv,64540,227
rev,64551,148
conv,64565,360
conv,64572,68
conv,64575,11
conv,64590,100
conv,64591,305
conv,64594,71
rev,64597,291
conv,64601,194
conv,64611,259
rev,64621,12
rev,64622,151
rev,64627,180
conv,64629,345
rev,64635,143
conv,64638,92
conv,64641,40
conv,64644,158
conv,64645,365
rev,64658,372
rev,64668,66
conv,64669,301
conv,64673,35
rev,64681,145
conv,64683,303
rev,64699,106
conv,64704,291
rev,64710,311
conv,64725,212
conv,64733,66
conv,64734,64
rev,64735,340
rev,64739,154
rev,64740,31
conv,64741,285
conv,64746,294
rev,64748,178
rev,64763,319
conv,64772,153
rev,64787,68
rev,64792,355
conv,64794,56
conv,64811,154
conv,64817,355
rev,64821,80
rev,64826,158
conv,64831,164
rev,64839,322
conv,64845,158
rev,64850,296
conv,64851,151
rev,64852,384
rev,64854,202
rev,64869,113
conv,64870,54
rev,64885,342
conv,64906,281
rev,64911,96
rev,64926,8
conv,64929,180
conv,64931,309
rev,64936,19
conv,64948,228
rev,64952,164
rev,64956,115
rev,64957,374
rev,64964,48
conv,64966,139
rev,64967,9
conv,64972,80
conv,64979,147
conv,64981,113
rev,64982,35
conv,64985,106
rev,64989,153
conv,65006,202
rev,65010,72
rev,65012,158
conv,65016,35
rev,65028,151
rev,65032,219
conv,65033,146
conv,65041,19
conv,65048,271
rev,65049,235
conv,65054,131
conv,65066,22
conv,65067,34
rev,65077,177
rev,65080,91
rev,65082,173
rev,65087,19
conv,65090,173
rev,65093,360
rev,65107,212
conv,65111,119
conv,65119,145
rev,65128,306
conv,65130,235
rev,65132,71
rev,65144,11
conv,65145,161
conv,65150,384
rev,65158,75
rev,65159,202
conv,65172,65
rev,65175,378
rev,65176,290
rev,65182,149
conv,65183,124
rev,65191,154
conv,65194,153
conv,65198,13
rev,65210,259
conv,65215,12
rev,65218,7
conv,65240,202
rev,65241,365
conv,65255,239
rev,65259,329
rev,65265,119
rev,65270,124
rev,65279,1
rev,65282,79
rev,65283,127
conv,65297,148
rev,65303,53
rev,65308,21
conv,65310,87
conv,65314,125
rev,65324,246
conv,65329,213
conv,65342,360
conv,65347,75
conv,65362,259
rev,65371,145
rev,65385,69
rev,65387,210
conv,65413,378
conv,65416,19
rev,65422,19
rev,65427,347
rev,65434,281
rev,65440,355
rev,65449,362
rev,65450,24
conv,65476,322
conv,65492,145
conv,65495,219
rev,65506,13
rev,65517,139
rev,65520,384
rev,65528,219
rev,65531,144
rev,65533,165
conv,65534,72
conv,65546,342
rev,65555,324
rev,65556,195
conv,65563,71
rev,65569,29
conv,65581,7
conv,65593,127
rev,65594,328
rev,65598,260
rev,65602,305
conv,65610,134
conv,65618,11
rev,65628,161
rev,65637,2
conv,65639,195
conv,65659,340
conv,65661,68
conv,65665,124
conv,65666,144
rev,65674,147
rev,65680,322
conv,65683,260
conv,65687,84
rev,65689,144
conv,65701,290
conv,65710,149
rev,65712,172
rev,65714,92
rev,65717,248
rev,65721,44
rev,65730,285
rev,65732,102
rev,65733,294
rev,65736,66
conv,65746,362
conv,65747,154
rev,65751,270
conv,65754,384
rev,65764,167
conv,65769,91
rev,65773,75
rev,65776,120
rev,65778,136
conv,65787,178
conv,65794,141
conv,65796,53
rev,65797,56
conv,65798,8
rev,65800,87
conv,65803,92
conv,65807,150
conv,65809,210
conv,65815,19
rev,65823,73
rev,65832,360
rev,65843,275
conv,65849,296
conv,65850,139
rev,65863,271
rev,65865,239
conv,65875,355
rev,65877,340
rev,65879,54
conv,65894,44
conv,65900,270
rev,65905,283
rev,65906,179
rev,65907,313
rev,65910,384
rev,65917,202
conv,65922,258
conv,65926,281
rev,65930,270
conv,65936,351
rev,65944,150
conv,65948,328
rev,65951,91
rev,65953,22
rev,65954,152
conv,65970,246
conv,65975,294
conv,65977,75
conv,65982,69
conv,65985,383
rev,65992,122
conv,65993,73
rev,65995,19
conv,65996,305
conv,65997,9
rev,66003,113
conv,66006,360
conv,66014,202
rev,66016,207
conv,66021,169
rev,66028,9
rev,66055,294
conv,66080,167
rev,66088,84
rev,66097,145
rev,66103,12
conv,66116,311
rev,66117,154
conv,66118,115
rev,66119,5
rev,66121,15
conv,66131,154
conv,66132,13
conv,66135,48
rev,66139,259
rev,66140,64
conv,66141,365
rev,66144,114
rev,66145,50
conv,66147,152
rev,66161,183
rev,66165,131
conv,66177,151
conv,66180,24
rev,66188,305
conv,66195,165
rev,66197,378
conv,66203,306
rev,66205,38
conv,66222,340
conv,66231,0
rev,66234,170
conv,66236,212
conv,66238,164
rev,66244,23
conv,66247,322
rev,66251,165
conv,66253,319
conv,66260,22
conv,66281,130
rev,66284,135
conv,66290,1
conv,66297,254
rev,66321,33
rev,66326,25
rev,66330,311
conv,66336,347
conv,66338,135
rev,66357,34
conv,66360,313
rev,66368,167
conv,66378,23
conv,66380,113
conv,66382,5
conv,66392,143
rev,66406,254
rev,66407,201
rev,66410,340
rev,66415,291
rev,66418,65
conv,66422,372
conv,66427,239
conv,66437,374
rev,66444,24
conv,66446,63
rev,66449,5
rev,66452,63
conv,66460,84
rev,66464,35
rev,66477,36
conv,66478,9
rev,66482,365
conv,66495,119
conv,66496,36
conv,66499,311
rev,66516,7
conv,66525,122
rev,66529,69
rev,66531,124
conv,66535,144
rev,66537,16
rev,66544,152
rev,66547,197
conv,66556,25
rev,66565,362
conv,66567,12
conv,66570,120
conv,66571,2
conv,66578,384
conv,66587,165
conv,66588,147
conv,66589,33
conv,66597,275
conv,66598,65
conv,66601,170
conv,66606,362
rev,66610,65
rev,66619,44
conv,66621,114
rev,66628,49
conv,66630,102
rev,66631,53
rev,66632,237
rev,66648,178
rev,66654,306
rev,66656,23
rev,66657,126
rev,66676,165
conv,66687,64
conv,66715,126
rev,66718,164
conv,66719,65
conv,66725,161
rev,66727,258
rev,66743,153
conv,66745,44
rev,66749,186
rev,66751,57
conv,66754,16
rev,66761,239
conv,66765,21
rev,66779,342
conv,66783,305
conv,66787,158
conv,66788,165
rev,66793,154
rev,66800,1
conv,66802,154
conv,66836,87
rev,66838,347
rev,66841,28
conv,66842,53
rev,66854,68
rev,66856,236
rev,66857,159
rev,66859,53
conv,66865,23
rev,66875,12
conv,66888,236
rev,66890,351
rev,66892,144
rev,66895,2
conv,66914,31
conv,66920,35
conv,66923,131
conv,66929,237
conv,66939,12
conv,66940,53
conv,66945,164
conv,66947,219
rev,66959,374
rev,66971,246
rev,66973,111
rev,66976,161
conv,66981,150
conv,66983,167
conv,66994,285
conv,67004,111
conv,67022,145
conv,67041,347
rev,67043,150
rev,67056,264
rev,67068,250
rev,67078,362
rev,67089,134
conv,67090,1
rev,67093,346
rev,67101,206
rev,67107,145
conv,67116,66
conv,67118,24
rev,67135,9
rev,67140,355
rev,67149,138
rev,67150,164
conv,67155,346
conv,67162,179
conv,67183,19
rev,67194,211
conv,67195,259
rev,67198,281
rev,67206,71
rev,67209,169
conv,67222,169
rev,67224,278
conv,67225,71
conv,67228,340
conv,67230,365
rev,67232,230
rev,67240,148
rev,67242,65
rev,67249,309
rev,67256,173
rev,67258,149
conv,67259,250
conv,67265,159
conv,67269,307
conv,67280,178
rev,67286,117
conv,67291,63
rev,67292,23
conv,67295,230
rev,67296,114
conv,67299,271
conv,67300,355
conv,67301,294
rev,67302,120
conv,67312,65
conv,67313,161
conv,67314,254
rev,67326,372
conv,67329,262
rev,67342,115
conv,67350,270
conv,67352,152
conv,67360,378
conv,67361,79
rev,67363,22
rev,67368,195
rev,67370,375
conv,67390,2
rev,67397,33
conv,67400,278
conv,67403,206
rev,67411,271
rev,67414,100
rev,67420,92
rev,67428,230
conv,67441,34
rev,67445,169
rev,67448,311
conv,67455,271
conv,67466,18
rev,67467,347
rev,67479,250
rev,67491,170
conv,67497,162
conv,67500,148
rev,67512,154
conv,67529,69
rev,67532,146
rev,67538,71
rev,67551,228
rev,67556,332
conv,67560,309
rev,67566,323
rev,67568,247
conv,67571,115
conv,67574,23
conv,67575,324
conv,67586,57
conv,67593,91
conv,67599,201
rev,67615,139
conv,67627,247
conv,67629,362
rev,67637,2
rev,67642,304
rev,67649,35
conv,67663,9
conv,67678,70
rev,67687,115
conv,67690,49
conv,67691,197
rev,67698,290
conv,67705,114
rev,67706,294
rev,67722,309
rev,67723,63
conv,67730,96
conv,67738,306
rev,67741,212
conv,67745,258
conv,67749,139
rev,67751,9
conv,67776,283
conv,67788,134
conv,67789,169
conv,67800,173
conv,67803,15
rev,67804,79
rev,67805,301
rev,67806,180
conv,67808,50
rev,67816,306
rev,67818,70
rev,67820,231
rev,67823,258
rev,67827,303
conv,67841,5
conv,67844,150
rev,67854,202
conv,67856,186
conv,67861,92
conv,67863,202
conv,67871,246
rev,67874,208
conv,67877,311
conv,67886,332
conv,67890,228
rev,67892,246
rev,67916,114
conv,67940,375
conv,67944,7
conv,67951,294
rev,67953,87
conv,67954,38
conv,67955,124
conv,67961,114
conv,67962,29
rev,67963,375
rev,67964,355
rev,67967,122
conv,67971,63
rev,67985,147
rev,67992,161
rev,67994,26
conv,67998,375
rev,68000,270
rev,68004,34
conv,68010,246
rev,68011,119
conv,68027,208
rev,68035,1
conv,68043,9
conv,68045,146
conv,68052,68
rev,68053,18
rev,68055,246
rev,68067,192
rev,68069,259
conv,68070,119
rev,68071,340
rev,68075,197
conv,68089,144
rev,68101,156
rev,68111,159
rev,68115,7
conv,68125,281
conv,68131,35
rev,68134,139
conv,68137,239
rev,68140,101
rev,68143,152
conv,68157,270
rev,68162,15
rev,68171,321
rev,68172,334
conv,68174,309
rev,68177,260
conv,68187,33
rev,68192,43
rev,68196,24
conv,68198,15
rev,68199,33
rev,68205,163
conv,68212,342
conv,68217,195
conv,68223,136
rev,68232,227
conv,68236,306
conv,68260,152
conv,68261,212
rev,68267,144
rev,68268,113
conv,68270,138
conv,68278,230
rev,68313,109
conv,68321,303
conv,68322,117
conv,68323,2
rev,68324,230
conv,68337,79
rev,68339,84
conv,68358,230
rev,68360,222
conv,68364,139
conv,68381,197
conv,68387,321
conv,68391,156
conv,68401,87
conv,68408,100
rev,68411,134
conv,68416,28
rev,68427,44
conv,68429,323
rev,68454,174
conv,68469,161
conv,68483,227
rev,68484,13
rev,68491,197
rev,68502,271
rev,68503,383
conv,68505,134
rev,68506,384
rev,68509,342
conv,68511,163
rev,68514,178
conv,68524,122
conv,68531,7
rev,68535,292
conv,68540,351
rev,68556,141
rev,68565,306
rev,68571,7
rev,68572,47
rev,68576,91
conv,68581,56
rev,68586,12
rev,68590,203
conv,68613,355
conv,68616,374
conv,68620,264
conv,68624,70
rev,68631,208
rev,68646,341
conv,68650,12
rev,68699,38
conv,68701,120
conv,68703,203
conv,68708,47
rev,68716,19
conv,68722,43
conv,68723,164
conv,68730,211
rev,68731,374
rev,68741,124
rev,68744,355
conv,68748,271
conv,68757,7
conv,68759,159
conv,68765,250
conv,68767,208
rev,68775,75
rev,68790,352
conv,68793,231
rev,68794,56
conv,68807,207
conv,68809,197
rev,68813,199
rev,68814,87
rev,68823,357
rev,68830,319
conv,68834,19
rev,68841,15
conv,68846,44
rev,68848,373
conv,68850,374
conv,68851,258
rev,68869,45
conv,68877,149
conv,68882,145
conv,68890,71
rev,68895,121
conv,68916,192
conv,68928,56
rev,68934,201
rev,68960,328
conv,68971,121
rev,68972,151
rev,68973,44
rev,68976,324
rev,68977,92
conv,68983,353
conv,68996,340
conv,68997,144
rev,69000,313
conv,69011,357
rev,69012,68
rev,69014,294
conv,69019,355
conv,69023,352
rev,69029,321
rev,69031,5
rev,69040,122
conv,69043,306
rev,69044,100
conv,69067,45
conv,69070,113
rev,69072,69
rev,69075,20
conv,69079,5
rev,69080,340
conv,69086,170
conv,69095,201
conv,69096,91
rev,69110,285
rev,69111,65
rev,69113,58
rev,69121,63
conv,69127,154
rev,69130,113
rev,69131,19
rev,69133,194
rev,69134,211
conv,69138,151
rev,69151,170
conv,69160,285
rev,69166,197
conv,69179,13
rev,69187,91
rev,69191,154
conv,69206,20
rev,69213,145
rev,69230,96
rev,69232,144
conv,69235,347
conv,69242,145
rev,69245,164
rev,69255,309
conv,69261,222
rev,69265,2
conv,69270,75
rev,69280,35
rev,69282,311
conv,69286,58
conv,69292,183
rev,69298,112
conv,69308,38
rev,69317,374
conv,69321,328
rev,69334,161
rev,69336,139
rev,69342,271
rev,69366,281
conv,69367,124
rev,69384,145
conv,69385,374
conv,69386,321
rev,69387,117
rev,69438,152
conv,69443,200
rev,69445,175
rev,69447,150
rev,69448,200
rev,69462,303
rev,69471,38
conv,69480,145
conv,69492,313
conv,69495,260
rev,69497,124
conv,69505,170
rev,69506,10
rev,69520,75
rev,69521,130
conv,69535,54
rev,69538,201
rev,69543,365
rev,69546,277
rev,69550,3
rev,69553,159
conv,69567,15
rev,69574,148
rev,69592,374
rev,69593,179
conv,69611,290
conv,69621,18
conv,69623,341
conv,69630,211
rev,69631,211
conv,69632,211
conv,69637,65
conv,69655,161
rev,69663,71
conv,69665,63
conv,69680,271
conv,69687,180
rev,69695,212
conv,69704,340
rev,69723,354
conv,69729,172
conv,69734,44
conv,69741,75
conv,69743,200
conv,69747,319
conv,69749,96
conv,69758,100
conv,69763,372
conv,69765,374
rev,69775,181
conv,69778,153
conv,69782,311
rev,69786,239
rev,69789,12
rev,69790,13
rev,69801,55
conv,69808,122
rev,69829,234
conv,69834,139
rev,69847,138
rev,69868,63
rev,69876,119
rev,69881,356
conv,69885,324
conv,69886,383
conv,69898,164
conv,69904,179
rev,69906,313
conv,69911,87
conv,69922,197
conv,69928,199
rev,69931,87
rev,69936,289
conv,69941,33
rev,69947,58
conv,69965,294
conv,69966,174
rev,69976,328
rev,69978,341
conv,69979,304
rev,69989,355
conv,70019,113
conv,70026,38
rev,70027,53
rev,70033,50
rev,70035,149
conv,70043,22
rev,70049,378
conv,70061,303
conv,70064,55
conv,70068,313
rev,70075,151
conv,70080,194
conv,70089,91
conv,70093,141
conv,70100,112
conv,70104,281
rev,70107,75
rev,70116,29
rev,70121,202
rev,70123,311
rev,70137,15
rev,70138,96
rev,70143,205
conv,70151,1
conv,70160,234
conv,70164,15
conv,70165,152
rev,70173,313
rev,70175,262
rev,70182,169
rev,70185,352
conv,70187,12
rev,70195,79
conv,70199,311
conv,70201,34
conv,70204,92
rev,70207,161
conv,70220,117
conv,70244,291
rev,70246,192
rev,70248,34
conv,70249,109
rev,70251,251
conv,70262,50
conv,70265,246
conv,70271,3
conv,70274,96
rev,70276,231
conv,70281,71
conv,70285,192
conv,70291,119
conv,70293,84
conv,70298,26
rev,70308,213
rev,70319,122
conv,70334,144
rev,70335,153
conv,70337,373
rev,70343,28
conv,70350,149
conv,70364,169
rev,70368,285
rev,70370,306
rev,70385,127
rev,70388,345
rev,70391,296
rev,70402,25
rev,70403,141
rev,70407,113
rev,70419,18
rev,70425,84
conv,70438,345
conv,70442,231
conv,70448,138
rev,70452,246
conv,70455,28
conv,70460,154
conv,70461,341
rev,70483,1
rev,70485,199
conv,70486,259
rev,70491,26
conv,70494,34
rev,70499,351
rev,70511,131
conv,70521,175
conv,70527,13
conv,70529,354
rev,70530,38
rev,70538,96
conv,70540,75
rev,70545,152
conv,70558,213
rev,70569,5
conv,70580,328
conv,70582,2
rev,70601,270
rev,70603,66
conv,70606,365
conv,70614,66
conv,70620,25
conv,70636,199
conv,70644,87
conv,70647,150
rev,70648,2
conv,70660,127
conv,70661,289
rev,70666,321
conv,70667,342
rev,70670,56
conv,70677,38
rev,70681,264
rev,70697,25
rev,70700,374
conv,70705,141
rev,70737,141
conv,70748,264
rev,70756,92
rev,70763,328
rev,70764,150
rev,70779,50
rev,70788,259
rev,70792,192
rev,70796,383
rev,70807,362
rev,70814,71
conv,70815,181
rev,70816,91
conv,70830,68
conv,70834,321
conv,70838,202
rev,70853,144
conv,70855,334
rev,70856,353
conv,70867,362
rev,70871,175
rev,70874,12
conv,70876,10
rev,70880,169
conv,70887,169
conv,70896,25
rev,70899,199
conv,70901,29
conv,70908,150
conv,70911,152
conv,70916,122
rev,70919,152
rev,70920,33
conv,70927,33
conv,70943,79
conv,70955,328
rev,70957,291
conv,70972,161
rev,70976,179
rev,70991,321
conv,70996,355
conv,70999,201
conv,71000,309
rev,71004,340
conv,71011,96
rev,71021,250
conv,71024,130
rev,71032,51
conv,71034,239
rev,71036,87
conv,71046,141
conv,71055,131
conv,71061,69
rev,71062,116
rev,71078,130
conv,71090,374
rev,71104,22
conv,71114,153
rev,71117,234
rev,71118,264
rev,71125,38
conv,71131,26
conv,71134,87
rev,71151,289
rev,71158,68
rev,71172,112
rev,71177,11
rev,71180,375
conv,71182,124
rev,71187,305
rev,71192,29
conv,71193,71
conv,71195,378
conv,71200,356
rev,71207,294
rev,71214,169
rev,71218,180
conv,71219,116
rev,71222,119
rev,71226,206
conv,71227,296
rev,71234,69
rev,71238,141
conv,71245,18
conv,71249,115
conv,71250,68
rev,71254,283
conv,71264,313
rev,71265,211
rev,71268,174
rev,71273,124
conv,71284,148
conv,71285,50
rev,71299,134
rev,71305,7
conv,71306,384
rev,71308,365
rev,71324,121
conv,71325,151
conv,71330,147
conv,71334,101
conv,71340,251
conv,71344,35
rev,71347,3
conv,71352,134
conv,71355,19
conv,71362,24
rev,71364,355
conv,71366,292
rev,71368,36
rev,71374,149
rev,71379,255
rev,71383,161
conv,71387,306
conv,71388,144
conv,71393,248
conv,71401,205
rev,71413,75
rev,71418,324
conv,71425,124
conv,71438,112
rev,71451,239
rev,71457,147
rev,71465,112
rev,71466,68
conv,71469,211
rev,71477,124
conv,71480,321
conv,71481,180
rev,71484,306
rev,71490,143
rev,71491,64
conv,71502,63
rev,71511,251
rev,71514,63
conv,71526,121
conv,71527,175
conv,71528,179
rev,71536,126
rev,71539,201
rev,71545,87
rev,71550,287
rev,71552,205
rev,71563,258
conv,71565,91
conv,71566,12
conv,71567,69
conv,71585,2
conv,71587,192
conv,71590,383
rev,71591,145
rev,71592,268
conv,71620,22
conv,71654,5
rev,71658,69
conv,71661,246
conv,71674,56
rev,71680,131
conv,71685,375
conv,71697,1
conv,71704,268
conv,71721,92
conv,71739,353
rev,71745,92
rev,71753,374
rev,71764,33
conv,71772,159
conv,71780,152
conv,71789,340
conv,71793,270
rev,71794,197
rev,71800,123
conv,71803,365
conv,71815,29
conv,71816,119
rev,71817,71
rev,71824,260
conv,71831,84
conv,71843,285
rev,71855,59
conv,71864,255
conv,71866,174
conv,71871,75
rev,71888,340
conv,71893,71
conv,71899,124
rev,71906,345
conv,71910,291
conv,71916,38
rev,71918,207
conv,71920,197
conv,71922,53
rev,71923,175
rev,71938,270
conv,71939,258
conv,71949,87
conv,71975,123
rev,71984,296
conv,71986,58
rev,71997,184
rev,72012,285
conv,72015,250
rev,72035,23
conv,72042,352
rev,72043,124
conv,72063,184
rev,72064,246
conv,72071,68
rev,72074,328
conv,72087,178
conv,72096,212
conv,72097,147
conv,72101,143
conv,72103,285
rev,72118,151
rev,72142,213
rev,72160,1
conv,72162,201
conv,72179,175
conv,72183,113
rev,72185,154
rev,72205,119
conv,72209,112
rev,72217,122
conv,72229,124
rev,72231,15
rev,72234,56
rev,72240,163
rev,72275,167
rev,72283,175
conv,72284,56
rev,72285,178
rev,72286,153
rev,72291,245
rev,72295,50
rev,72301,159
conv,72303,59
conv,72304,50
rev,72306,165
conv,72315,246
rev,72316,38
rev,72318,233
conv,72338,63
rev,72340,136
rev,72341,342
conv,72347,270
rev,72376,307
rev,72378,321
conv,72380,159
conv,72381,126
conv,72385,165
conv,72390,15
conv,72434,306
rev,72436,71
conv,72445,151
conv,72451,345
rev,72452,346
rev,72461,147
rev,72462,363
conv,72469,175
conv,72471,340
conv,72475,289
rev,72478,175
conv,72486,363
conv,72489,36
rev,72496,313
rev,72499,373
rev,72509,151
conv,72511,141
rev,72512,224
conv,72522,296
rev,72526,53
rev,72532,357
conv,72536,71
conv,72561,259
rev,72562,75
conv,72565,145
conv,72572,346
rev,72573,311
rev,72578,362
rev,72582,192
conv,72586,167
rev,72609,91
rev,72610,222
rev,72617,167
rev,72619,118
conv,72626,11
rev,72645,10
conv,72647,205
rev,72662,127
rev,72663,150
conv,72666,324
rev,72700,375
conv,72701,362
conv,72705,91
rev,72716,219
rev,72724,48
conv,72726,207
rev,72761,22
conv,72763,38
rev,72767,68
conv,72768,161
rev,72778,24
rev,72788,322
conv,72789,322
conv,72797,150
conv,72801,328
conv,72806,48
conv,72817,305
conv,72819,294
rev,72826,383
conv,72829,307
rev,72830,19
rev,72835,156
conv,72852,130
conv,72854,119
rev,72860,84
conv,72869,277
conv,72890,151
conv,72892,222
conv,72894,127
rev,72895,120
conv,72899,373
rev,72901,221
rev,72910,130
rev,72912,334
conv,72922,118
conv,72923,22
conv,72928,75
rev,72942,259
rev,72949,258
rev,72955,197
conv,72958,23
conv,72960,33
rev,72963,257
rev,72972,328
rev,72982,161
rev,72985,164
rev,72987,372
rev,72994,111
rev,72997,345
conv,73001,161
rev,73002,79
rev,73007,191
rev,73010,362
rev,73011,80
conv,73019,213
rev,73020,248
conv,73026,329
rev,73028,47
rev,73030,365
conv,73035,136
rev,73049,378
conv,73060,378
rev,73062,285
conv,73066,206
conv,73067,167
rev,73070,231
conv,73071,221
conv,73072,345
rev,73075,126
conv,73080,175
rev,73082,87
conv,73087,239
rev,73091,41
rev,73099,143
rev,73109,125
rev,73112,28
rev,73118,96
conv,73132,68
rev,73141,175
conv,73150,19
conv,73162,10
conv,73164,111
conv,73165,153
conv,73167,175
rev,73173,213
conv,73176,126
rev,73177,102
conv,73178,51
rev,73193,152
rev,73196,38
rev,73202,119
conv,73205,164
rev,73209,126
conv,73215,199
rev,73217,201
rev,73243,58
rev,73244,384
rev,73258,281
rev,73265,144
conv,73274,131
rev,73281,12
rev,73283,115
conv,73286,80
conv,73289,163
rev,73306,139
conv,73311,92
rev,73312,44
rev,73317,239
conv,73325,125
rev,73327,68
rev,73330,70
conv,73333,260
conv,73342,154
conv,73345,219
rev,73358,50
conv,73365,28
conv,73367,257
rev,73387,131
conv,73395,126
rev,73396,66
rev,73410,153
conv,73411,64
conv,73414,102
rev,73429,23
rev,73431,8
rev,73452,16
conv,73453,224
rev,73458,91
conv,73461,96
conv,73469,69
rev,73473,124
rev,73478,237
rev,73484,113
rev,73496,354
rev,73510,36
rev,73513,161
rev,73515,160
rev,73519,2
rev,73521,238
conv,73524,87
rev,73530,11
conv,73546,24
rev,73547,10
rev,73558,109
rev,73565,39
conv,73569,91
rev,73572,202
conv,73591,7
rev,73594,306
conv,73596,306
conv,73597,44
conv,73605,8
conv,73608,191
rev,73614,224
conv,73620,10
conv,73632,231
conv,73640,120
conv,73653,192
rev,73664,254
conv,73669,41
conv,73671,354
rev,73674,360
conv,73678,149
conv,73679,238
conv,73685,161
conv,73693,144
conv,73694,115
conv,73700,50
conv,73703,234
conv,73724,342
rev,73726,117
rev,73732,144
rev,73748,347
conv,73757,12
rev,73759,255
conv,73775,11
conv,73783,58
conv,73785,383
conv,73793,147
conv,73794,233
rev,73828,103
rev,73838,111
rev,73839,6
rev,73845,69
rev,73847,126
rev,73867,228
conv,73871,281
conv,73875,365
conv,73878,334
conv,73887,84
rev,73912,51
rev,73927,127
rev,73929,219
rev,73933,19
rev,73939,11
conv,73943,69
conv,73947,237
rev,73957,192
conv,73958,264
rev,73961,306
conv,73963,109
conv,73965,36
rev,73967,179
conv,73972,119
conv,73978,126
conv,73980,11
rev,73988,87
conv,73990,47
rev,73992,257
rev,73994,341
conv,74006,285
conv,74018,254
rev,74030,289
conv,74031,228
rev,74037,151
rev,74041,148
conv,74061,53
conv,74062,148
rev,74072,91
rev,74076,25
conv,74081,87
rev,74084,334
conv,74085,153
conv,74104,372
rev,74115,56
rev,74124,84
conv,74133,113
rev,74140,270
conv,74146,130
rev,74151,165
rev,74157,71
rev,74161,206
conv,74164,19
rev,74175,55
conv,74177,192
rev,74185,154
conv,74195,206
conv,74196,6
conv,74199,39
rev,74200,35
rev,74222,134
conv,74225,84
rev,74234,63
rev,74238,28
rev,74247,193
rev,74250,192
rev,74258,170
conv,74260,213
conv,74263,255
conv,74270,160
conv,74280,124
rev,74281,8
conv,74287,143
rev,74294,340
conv,74296,197
conv,74315,192
rev,74318,75
rev,74320,69
rev,74325,159
rev,74331,167
rev,74333,255
conv,74338,251
rev,74342,46
conv,74343,38
conv,74348,71
conv,74360,362
conv,74363,16
rev,74370,231
conv,74372,154
conv,74377,70
rev,74389,141
conv,74393,66
rev,74411,281
rev,74415,112
rev,74449,164
rev,74450,222
rev,74453,294
rev,74457,161
conv,74468,139
conv,74484,374
conv,74490,25
conv,74494,164
rev,74495,88
conv,74496,255
rev,74498,383
conv,74500,383
conv,74514,156
rev,74526,354
conv,74532,258
conv,74536,341
conv,74539,69
conv,74542,35
rev,74553,336
rev,74569,16
conv,74570,51
conv,74573,112
conv,74576,231
rev,74578,192
conv,74589,384
conv,74593,224
rev,74604,345
conv,74609,68
rev,74614,112
conv,74615,222
rev,74617,87
conv,74621,328
conv,74623,259
conv,74627,28
conv,74631,239
rev,74634,150
rev,74639,100
rev,74647,384
conv,74651,294
conv,74653,127
conv,74658,384
conv,74667,355
rev,74677,10
rev,74679,290
conv,74680,3
rev,74688,197
conv,74691,281
rev,74692,206
conv,74695,16
conv,74699,287
conv,74705,290
conv,74746,178
rev,74749,178
rev,74751,22
rev,74760,199
conv,74765,170
rev,74767,80
conv,74780,199
rev,74781,15
conv,74783,79
conv,74795,75
rev,74796,12
rev,74798,319
rev,74801,9
rev,74808,188
conv,74815,193
conv,74820,87
rev,74825,70
rev,74837,193
rev,74847,239
rev,74850,180
rev,74859,50
conv,74862,311
rev,74875,224
rev,74879,75
rev,74903,230
rev,74908,34
rev,74916,236
rev,74918,87
conv,74919,202
conv,74932,192
rev,74934,181
conv,74938,357
conv,74939,236
rev,74940,311
rev,74943,355
rev,74944,168
rev,74946,258
rev,74953,71
rev,74955,139
conv,74956,193
rev,74966,126
conv,74978,131
rev,74991,294
conv,74993,345
conv,74999,23
conv,75004,10
rev,75005,345
conv,75010,2
conv,75013,139
conv,75020,12
rev,75024,96
rev,75026,19
conv,75036,112
rev,75037,251
conv,75050,197
conv,75060,179
conv,75062,144
conv,75063,289
rev,75073,120
conv,75078,1
conv,75083,336
conv,75084,245
conv,75085,152
conv,75087,8
rev,75096,285
rev,75097,84
rev,75098,143
conv,75099,224
rev,75101,136
rev,75106,53
rev,75108,124
rev,75119,10
rev,75124,92
rev,75127,255
conv,75134,306
conv,75137,70
conv,75142,124
rev,75144,66
conv,75145,319
conv,75154,84
rev,75156,38
conv,75157,88
rev,75163,112
conv,75173,136
conv,75186,56
conv,75189,321
rev,75198,8
conv,75211,248
conv,75217,188
rev,75225,324
conv,75226,134
conv,75230,219
rev,75232,221
conv,75247,10
conv,75253,283
conv,75257,91
conv,75264,46
conv,75270,375
rev,75271,40
rev,75274,179
conv,75277,324
conv,75279,221
conv,75287,178
rev,75301,289
rev,75302,136
rev,75320,70
conv,75323,165
conv,75333,181
rev,75339,342
rev,75340,324
rev,75341,147
conv,75346,355
rev,75349,259
conv,75354,179
conv,75357,40
rev,75365,331
rev,75401,224
conv,75413,259
conv,75431,150
rev,75436,0
conv,75437,126
rev,75446,322
rev,75456,152
conv,75460,258
conv,75462,230
rev,75463,373
conv,75479,159
conv,75483,152
conv,75484,34
rev,75487,21
rev,75489,58
conv,75491,289
rev,75493,119
conv,75497,8
rev,75503,106
conv,75511,342
rev,75512,2
conv,75522,169
conv,75539,103
conv,75541,87
rev,75542,156
rev,75543,29
rev,75548,362
conv,75554,96
conv,75556,362
conv,75570,29
rev,75584,84
conv,75590,50
rev,75597,374
rev,75606,5
conv,75608,92
conv,75614,70
conv,75620,111
conv,75623,55
rev,75629,154
rev,75632,44
rev,75635,342
conv,75654,75
conv,75658,322
rev,75669,328
rev,75674,170
conv,75680,342
rev,75692,146
rev,75696,152
conv,75697,9
conv,75709,58
conv,75723,154
rev,75726,129
rev,75727,220
conv,75728,161
conv,75729,136
rev,75750,197
rev,75758,322
conv,75764,311
rev,75769,130
conv,75792,201
conv,75795,66
rev,75796,64
conv,75805,152
conv,75808,360
rev,75827,372
rev,75834,150
rev,75842,96
rev,75843,383
conv,75852,374
rev,75857,36
rev,75861,310
conv,75866,122
conv,75868,251
conv,75870,71
conv,75874,151
conv,75890,197
rev,75895,346
conv,75897,346
rev,75900,73
conv,75907,347
conv,75915,224
conv,75921,84
rev,75923,213
rev,75927,336
rev,75929,144
conv,75944,331
rev,75951,75
conv,75964,373
rev,75971,50
conv,75972,44
conv,75973,310
conv,75976,328
conv,75994,345
rev,75997,231
conv,75998,96
rev,76000,149
rev,76001,341
conv,76004,36
rev,76006,175
conv,76032,141
rev,76033,357
rev,76042,233
rev,76050,126
rev,76077,16
rev,76078,178
rev,76087,8
rev,76088,39
rev,76094,56
rev,76101,328
rev,76104,224
conv,76114,0
conv,76129,168
conv,76131,16
conv,76137,147
conv,76144,56
conv,76145,50
conv,76148,357
rev,76154,193
rev,76155,134
rev,76160,125
rev,76164,159
rev,76167,281
conv,76211,341
rev,76217,79
conv,76229,75
conv,76233,336
conv,76237,5
conv,76239,334
conv,76246,167
rev,76250,33
rev,76258,357
rev,76270,269
conv,76272,213
rev,76273,137
rev,76274,323
conv,76278,73
conv,76282,281
rev,76288,0
rev,76294,1
rev,76296,96
conv,76302,294
rev,76306,290
conv,76308,38
rev,76309,11
rev,76312,232
conv,76314,231
rev,76327,147
rev,76332,219
rev,76334,202
rev,76338,69
conv,76345,239
rev,76349,231
rev,76350,336
rev,76357,353
rev,76361,239
conv,76374,328
conv,76377,8
rev,76378,70
rev,76394,31
rev,76402,328
rev,76406,251
rev,76421,165
conv,76429,220
conv,76430,324
rev,76433,87
rev,76437,131
rev,76439,141
conv,76446,15
rev,76452,164
rev,76457,384
conv,76475,150
rev,76477,228
rev,76481,345
rev,76497,92
rev,76503,151
conv,76506,141
rev,76509,203
conv,76514,31
conv,76529,353
conv,76531,92
rev,76533,148
conv,76543,63
rev,76546,44
conv,76548,151
conv,76549,164
conv,76553,202
rev,76565,91
rev,76572,259
conv,76573,165
rev,76578,164
rev,76580,220
conv,76585,19
rev,76587,111
rev,76596,172
conv,76602,285
conv,76608,126
conv,76614,87
conv,76615,269
rev,76619,294
rev,76633,281
conv,76639,0
conv,76646,262
conv,76647,144
rev,76652,154
conv,76653,228
rev,76660,213
rev,76661,66
conv,76664,290
conv,76672,328
conv,76677,281
conv,76698,206
rev,76703,115
conv,76711,39
conv,76715,100
rev,76717,347
rev,76732,197
rev,76735,306
conv,76738,213
rev,76744,50
conv,76773,231
rev,76788,378
rev,76790,152
conv,76796,64
conv,76798,232
conv,76803,175
conv,76811,383
rev,76816,331
rev,76819,34
rev,76820,353
rev,76824,75
rev,76825,15
rev,76843,126
rev,76850,103
conv,76856,147
rev,76862,163
conv,76864,120
conv,76868,224
conv,76879,197
conv,76886,357
rev,76888,26
conv,76896,156
conv,76899,130
conv,76907,259
conv,76910,96
rev,76915,161
conv,76921,345
rev,76923,365
rev,76934,249
conv,76940,15
rev,76941,10
rev,76951,64
conv,76959,148
rev,76965,342
conv,76969,294
rev,76981,281
conv,76988,239
rev,77003,167
conv,77018,159
rev,77021,362
conv,77023,154
rev,77027,224
rev,77028,201
conv,77042,323
rev,77044,65
conv,77051,372
rev,77052,259
rev,77066,213
conv,77069,79
rev,77071,346
conv,77072,129
conv,77073,259
rev,77082,24
conv,77091,203
conv,77096,91
rev,77101,63
rev,77122,71
rev,77128,15
rev,77147,321
conv,77155,322
conv,77156,63
conv,77158,306
rev,77162,228
rev,77166,29
conv,77170,115
rev,77172,221
rev,77174,147
rev,77175,311
conv,77183,233
rev,77193,296
rev,77210,35
conv,77212,353
rev,77229,156
conv,77234,117
rev,77235,200
conv,77239,71
conv,77243,10
conv,77251,11
conv,77261,111
rev,77263,7
conv,77266,219
conv,77270,64
conv,77274,149
conv,77286,156
conv,77288,29
conv,77289,200
conv,77293,362
rev,77294,149
conv,77302,170
conv,77318,178
conv,77325,69
rev,77326,153
conv,77330,296
rev,77348,360
conv,77372,342
conv,77377,70
conv,77383,119
rev,77406,9
conv,77411,163
rev,77420,145
rev,77431,38
rev,77437,239
rev,77441,17
rev,77444,12
conv,77451,331
rev,77452,159
rev,77457,68
conv,77458,321
conv,77467,17
rev,77468,122
rev,77472,98
rev,77483,202
conv,77493,221
rev,77505,88
rev,77509,206
conv,77511,65
rev,77512,127
rev,77521,306
conv,77532,378
rev,77536,342
rev,77542,92
conv,77569,125
conv,77586,22
conv,77587,24
rev,77593,41
conv,77594,159
rev,77616,125
conv,77619,21
conv,77626,167
conv,77638,126
rev,77642,376
rev,77645,219
conv,77670,112
rev,77679,163
rev,77681,29
rev,77686,130
conv,77690,313
conv,77703,34
rev,77711,21
rev,77743,91
conv,77762,127
conv,77765,143
rev,77773,19
rev,77774,205
conv,77777,153
rev,77785,58
rev,77791,34
conv,77793,205
rev,77795,71
conv,77803,41
conv,77811,7
rev,77816,304
rev,77821,87
conv,77825,88
conv,77829,33
conv,77833,249
conv,77841,206
conv,77847,251
conv,77856,91
rev,77862,289
rev,77866,111
conv,77867,122
rev,77870,383
conv,77881,131
rev,77890,148
rev,77899,22
conv,77902,134
conv,77910,172
rev,77914,264
rev,77918,345
conv,77933,376
rev,77935,151
rev,77943,136
rev,77954,17
conv,77957,12
rev,77958,313
rev,77965,175
conv,77972,19
conv,77978,148
conv,77979,201
rev,77988,134
conv,77991,66
conv,77994,175
rev,78001,41
rev,78003,156
rev,78008,7
conv,78018,7
rev,78022,127
conv,78026,149
conv,78027,68
conv,78035,264
conv,78038,21
rev,78039,112
rev,78040,141
rev,78042,259
conv,78044,137
conv,78053,180
rev,78055,139
conv,78063,257
rev,78066,39
conv,78067,41
rev,78074,232
conv,78082,127
conv,78084,75
rev,78090,33
conv,78091,44
conv,78106,336
rev,78112,69
rev,78116,287
rev,78119,82
rev,78126,262
conv,78131,384
conv,78142,58
rev,78149,183
rev,78159,154
rev,78165,353
rev,78172,84
rev,78175,113
rev,78177,11
conv,78178,154
rev,78179,206
rev,78186,180
rev,78192,3
conv,78199,224
conv,78200,2
conv,78204,136
rev,78208,251
rev,78210,319
conv,78211,38
rev,78212,169
conv,78220,340
conv,78236,22
rev,78238,224
conv,78240,206
rev,78243,96
conv,78244,69
conv,78249,255
conv,78250,342
rev,78259,63
rev,78265,296
rev,78283,120
conv,78293,161
rev,78298,47
rev,78304,137
conv,78305,281
conv,78309,365
rev,78319,149
conv,78321,228
rev,78322,255
rev,78327,159
rev,78328,206
rev,78331,374
conv,78336,9
rev,78342,131
conv,78344,96
rev,78348,271
conv,78351,87
rev,78352,227
conv,78365,106
rev,78371,200
conv,78381,113
rev,78387,264
rev,78389,87
rev,78392,38
conv,78393,137
conv,78397,151
rev,78398,54
conv,78403,50
conv,78407,87
rev,78408,342
rev,78418,10
rev,78430,36
conv,78437,146
conv,78443,304
rev,78451,66
rev,78453,178
rev,78459,205
conv,78460,11
conv,78462,193
rev,78463,56
conv,78464,206
rev,78471,285
rev,78474,201
conv,78478,164
conv,78490,239
rev,78492,91
rev,78500,164
conv,78507,342
conv,78515,346
conv,78521,180
rev,78524,5
rev,78537,161
conv,78554,224
rev,78558,303
rev,78562,87
rev,78563,109
rev,78567,206
conv,78569,296
conv,78576,205
conv,78582,130
conv,78590,353
conv,78603,5
rev,78607,231
conv,78613,163
rev,78620,13
rev,78621,252
conv,78624,156
conv,78626,383
conv,78627,178
conv,78630,26
conv,78634,219
conv,78635,29
conv,78638,141
rev,78643,384
rev,78646,228
conv,78647,109
rev,78658,172
rev,78659,102
conv,78662,39
conv,78668,289
rev,78669,65
rev,78677,269
rev,78687,289
conv,78691,10
conv,78696,38
rev,78703,133
conv,78704,213
conv,78710,13
conv,78716,33
rev,78722,331
rev,78724,106
rev,78729,180
conv,78734,63
conv,78745,65
rev,78750,96
rev,78753,154
conv,78760,285
rev,78761,239
conv,78767,180
conv,78775,331
rev,78783,50
conv,78785,271
rev,78794,63
conv,78799,34
rev,78802,175
conv,78807,87
conv,78823,84
conv,78837,15
conv,78841,255
conv,78845,102
conv,78853,103
rev,78863,10
rev,78864,130
conv,78875,384
conv,78877,347
conv,78889,98
conv,78890,120
rev,78892,12
rev,78898,31
conv,78900,360
rev,78902,224
rev,78903,143
conv,78919,131
conv,78922,139
conv,78948,251
conv,78951,147
rev,78962,331
conv,78965,50
conv,78980,63
rev,78981,362
rev,78993,353
conv,79003,313
conv,79008,319
conv,79012,1
conv,79014,56
conv,79026,175
conv,79030,66
rev,79031,9
conv,79039,227
rev,79044,38
rev,79049,139
conv,79050,303
conv,79061,9
conv,79068,202
rev,79074,180
rev,79087,170
rev,79093,44
rev,79101,181
conv,79112,53
conv,79115,35
rev,79131,9
conv,79137,133
rev,79139,373
rev,79162,75
conv,79163,154
conv,79170,159
conv,79173,149
rev,79180,58
conv,79183,206
conv,79184,374
conv,79190,200
conv,79194,145
rev,79206,66
conv,79210,231
rev,79217,109
conv,79219,224
conv,79223,183
conv,79226,239
rev,79231,165
conv,79233,143
rev,79243,224
conv,79247,165
conv,79251,80
rev,79265,63
rev,79270,200
conv,79287,54
rev,79289,347
rev,79298,237
conv,79311,75
conv,79318,106
conv,79329,10
rev,79333,197
rev,79336,205
rev,79349,2
conv,79363,197
rev,79365,334
rev,79369,281
conv,79378,44
rev,79383,53
rev,79392,15
rev,79394,309
conv,79396,264
conv,79401,125
conv,79402,71
rev,79404,71
conv,79410,228
rev,79420,154
conv,79429,82
rev,79430,69
rev,79449,206
conv,79466,309
conv,79479,71
rev,79481,143
rev,79483,87
conv,79497,53
rev,79500,149
conv,79502,170
conv,79509,15
conv,79512,69
conv,79514,262
rev,79530,6
conv,79531,139
rev,79539,41
rev,79544,255
conv,79546,331
conv,79555,205
conv,79557,2
rev,79559,167
rev,79568,239
rev,79590,19
conv,79593,19
conv,79595,237
conv,79604,362
rev,79615,125
rev,79617,319
rev,79623,50
conv,79629,3
conv,79631,201
conv,79633,96
rev,79639,113
conv,79642,112
rev,79658,213
conv,79663,109
rev,79666,328
rev,79668,324
conv,79677,232
rev,79681,163
conv,79691,130
conv,79693,87
conv,79708,92
rev,79717,194
conv,79718,12
rev,79746,34
conv,79750,281
conv,79754,353
conv,79755,143
conv,79758,31
conv,79764,58
rev,79768,197
rev,79771,212
rev,79794,11
conv,79806,36
rev,79808,340
conv,79809,134
rev,79815,82
rev,79816,69
rev,79821,12
conv,79824,334
conv,79825,180
rev,79832,242
rev,79841,323
conv,79846,212
conv,79849,17
rev,79856,346
rev,79868,75
conv,79873,9
rev,79880,201
rev,79900,120
rev,79901,112
conv,79904,270
rev,79905,55
rev,79922,159
rev,79929,170
rev,79934,178
rev,79938,131
conv,79953,345
conv,79961,239
rev,79965,271
conv,79978,178
rev,79985,139
conv,79992,181
rev,79998,7
conv,80009,111
rev,80016,71
conv,80021,63
conv,80022,66
conv,80024,82
rev,80041,384
rev,80056,82
rev,80065,65
rev,80068,8
conv,80075,384
conv,80090,213
rev,80102,45
conv,80119,50
rev,80138,228
rev,80142,68
conv,80147,271
conv,80158,306
rev,80178,130
rev,80207,87
rev,80208,212
conv,80213,340
rev,80220,362
conv,80226,201
rev,80243,246
conv,80258,87
conv,80263,71
conv,80265,159
rev,80272,19
conv,80285,373
rev,80294,285
rev,80297,174
rev,80298,237
conv,80306,224
rev,80318,281
rev,80321,31
rev,80326,56
rev,80329,29
conv,80331,163
conv,80332,170
rev,80338,313
rev,80351,96
conv,80365,6
conv,80380,91
rev,80390,163
conv,80409,164
conv,80418,281
conv,80421,41
rev,80426,5
rev,80427,360
rev,80428,352
conv,80435,323
rev,80443,73
rev,80445,257
rev,80447,24
rev,80453,181
conv,80459,5
conv,80464,347
rev,80470,1
conv,80481,75
rev,80492,66
rev,80517,151
rev,80522,374
conv,80525,131
rev,80534,126
conv,80536,346
conv,80543,12
conv,80550,149
rev,80558,79
conv,80574,259
rev,80581,259
rev,80588,87
rev,80594,170
rev,80596,207
conv,80599,174
conv,80602,289
conv,80603,257
rev,80612,279
conv,80618,152
conv,80620,259
rev,80635,199
rev,80641,380
conv,80654,8
rev,80665,22
rev,80680,323
conv,80689,167
rev,80691,375
rev,80692,53
rev,80699,0
conv,80700,151
rev,80708,148
rev,80718,345
conv,80719,112
conv,80721,126
rev,80727,92
rev,80728,119
conv,80731,53
rev,80732,271
conv,80745,301
rev,80747,114
conv,80750,66
conv,80751,22
conv,80752,68
rev,80759,174
conv,80795,207
rev,80812,44
rev,80815,75
rev,80826,22
conv,80854,47
conv,80864,113
conv,80866,69
conv,80873,125
conv,80891,380
conv,80901,360
conv,80914,169
rev,80916,5
conv,80917,374
rev,80919,175
rev,80921,137
rev,80929,57
conv,80937,313
conv,80939,220
conv,80946,7
conv,80948,0
rev,80952,131
rev,80953,12
conv,80954,12
rev,80956,341
conv,80977,65
rev,80987,111
rev,80998,310
rev,81000,257
rev,81012,201
rev,81017,164
conv,81026,228
conv,81038,29
rev,81042,15
rev,81044,141
rev,81047,259
conv,81054,38
rev,81061,26
conv,81065,22
conv,81072,148
rev,81075,70
rev,81083,127
conv,81088,75
rev,81093,331
rev,81096,53
rev,81110,353
conv,81111,331
rev,81113,156
rev,81114,29
conv,81133,269
rev,81151,219
conv,81158,87
conv,81161,163
rev,81166,340
conv,81167,29
conv,81173,131
conv,81178,15
rev,81192,133
conv,81218,130
conv,81219,259
conv,81220,24
conv,81227,114
conv,81235,5
conv,81256,127
conv,81259,53
rev,81262,9
rev,81263,178
conv,81269,1
rev,81277,8
rev,81284,373
conv,81294,55
rev,81299,68
rev,81304,220
rev,81307,147
conv,81312,156
conv,81313,237
rev,81332,12
conv,81337,68
rev,81339,80
rev,81341,183
rev,81365,13
rev,81369,149
conv,81371,92
conv,81372,164
conv,81374,31
conv,81380,154
rev,81392,5
rev,81396,66
conv,81405,183
rev,81408,306
conv,81416,147
rev,81419,68
rev,81420,58
rev,81421,115
conv,81422,57
rev,81423,124
rev,81424,233
conv,81425,220
rev,81428,71
rev,81441,305
conv,81446,375
conv,81456,70
conv,81459,82
rev,81462,97
rev,81471,3
conv,81472,66
rev,81478,307
rev,81482,143
rev,81486,112
rev,81487,374
rev,81489,383
conv,81491,112
rev,81504,344
conv,81506,13
conv,81508,233
rev,81516,84
rev,81518,331
rev,81521,74
rev,81522,35
conv,81545,79
conv,81547,71
rev,81548,114
conv,81568,305
conv,81574,74
rev,81582,16
rev,81583,165
rev,81585,384
rev,81589,102
conv,81594,344
conv,81600,181
conv,81612,137
rev,81650,181
conv,81653,206
conv,81663,120
rev,81665,150
conv,81679,73
conv,81680,114
conv,81683,80
conv,81685,175
rev,81697,239
rev,81698,159
rev,81703,154
conv,81712,56
rev,81727,134
conv,81759,149
conv,81761,165
rev,81764,147
conv,81776,246
rev,81777,148
rev,81778,92
conv,81781,257
conv,81796,141
rev,81802,305
conv,81813,324
conv,81820,341
rev,81836,254
rev,81845,69
conv,81856,311
conv,81869,331
conv,81882,345
conv,81883,97
conv,81887,111
rev,81903,111
conv,81905,353
rev,81909,66
conv,81919,147
rev,81926,65
conv,81929,254
conv,81935,9
conv,81940,8
rev,81944,213
rev,81953,262
conv,81960,384
rev,81968,313
rev,81969,9
rev,81974,152
rev,81975,380
rev,81999,353
rev,82005,130
rev,82008,356
conv,82016,307
conv,82017,124
rev,82019,375
conv,82023,362
conv,82035,213
conv,82036,305
conv,82039,148
rev,82043,88
conv,82046,170
rev,82047,204
rev,82048,289
rev,82049,38
rev,82051,336
rev,82060,53
conv,82076,68
conv,82077,383
conv,82080,310
rev,82087,8
rev,82090,321
conv,82092,380
rev,82096,138
conv,82100,279
conv,82102,375
rev,82108,24
rev,82113,25
rev,82116,137
conv,82119,119
rev,82123,164
conv,82128,150
conv,82131,143
rev,82134,334
rev,82137,348
rev,82143,80
conv,82148,178
conv,82155,130
conv,82182,172
conv,82184,34
rev,82186,345
rev,82189,131
rev,82192,71
conv,82196,271
rev,82198,42
rev,82213,112
conv,82223,42
conv,82225,111
conv,82228,115
conv,82229,219
rev,82234,153
conv,82237,35
conv,82238,199
conv,82247,139
rev,82254,180
conv,82262,336
rev,82282,140
conv,82286,159
conv,82288,204
conv,82291,212
conv,82301,323
rev,82311,384
rev,82322,114
rev,82323,342
rev,82328,344
rev,82337,130
conv,82341,9
conv,82353,80
conv,82354,58
conv,82358,92
rev,82365,75
conv,82372,374
conv,82378,373
conv,82379,239
rev,82381,29
conv,82384,3
conv,82390,353
rev,82411,54
conv,82412,152
conv,82421,306
conv,82424,16
rev,82426,97
conv,82429,54
rev,82431,6
rev,82442,191
rev,82443,151
rev,82448,1
conv,82476,289
rev,82478,163
conv,82502,66
rev,82511,109
conv,82515,102
conv,82518,181
conv,82519,191
rev,82523,239
conv,82525,131
conv,82526,201
conv,82533,65
rev,82536,63
rev,82549,281
conv,82552,180
conv,82558,344
conv,82561,25
conv,82581,352
rev,82607,259
conv,82608,84
conv,82612,44
conv,82618,197
conv,82620,151
rev,82631,34
conv,82635,239
rev,82636,179
rev,82639,58
rev,82647,347
rev,82656,380
rev,82661,355
rev,82678,251
rev,82689,122
conv,82691,114
conv,82694,29
rev,82696,84
rev,82697,239
conv,82702,130
conv,82707,356
rev,82708,298
conv,82720,109
conv,82734,242
rev,82739,149
rev,82744,106
rev,82751,114
rev,82757,199
rev,82762,167
conv,82772,138
conv,82775,259
conv,82779,179
conv,82784,106
rev,82788,156
conv,82798,347
conv,82799,12
conv,82809,149
rev,82817,178
conv,82827,114
conv,82828,112
rev,82829,150
rev,82836,324
conv,82848,122
conv,82851,19
conv,82861,5
conv,82870,199
rev,82880,131
rev,82881,29
rev,82882,294
rev,82884,213
conv,82887,58
conv,82889,287
conv,82891,134
conv,82896,8
rev,82901,165
conv,82902,38
rev,82915,307
rev,82932,87
conv,82944,150
rev,82945,270
conv,82958,174
conv,82960,324
conv,82970,24
conv,82972,26
conv,82973,11
rev,82978,224
conv,82986,321
conv,82989,262
conv,82991,334
rev,82994,10
conv,83007,29
conv,83010,345
rev,83031,331
rev,83037,180
conv,83047,154
conv,83055,45
conv,83061,328
rev,83063,25
conv,83066,161
rev,83068,259
conv,83072,34
rev,83077,66
rev,83091,13
rev,83100,43
conv,83113,88
rev,83127,119
rev,83130,125
conv,83135,125
rev,83136,24
conv,83138,281
conv,83142,87
rev,83148,35
rev,83168,139
rev,83175,29
conv,83180,178
conv,83204,355
conv,83218,270
rev,83230,221
conv,83242,6
rev,83253,311
conv,83255,156
rev,83256,169
rev,83259,23
rev,83262,87
conv,83263,307
rev,83271,126
conv,83275,10
rev,83278,375
conv,83279,294
rev,83283,201
conv,83293,29
rev,83305,236
rev,83315,68
conv,83326,66
rev,83329,114
conv,83357,140
conv,83358,23
rev,83372,50
conv,83386,87
conv,83397,340
conv,83405,342
rev,83422,374
rev,83436,206
conv,83449,131
conv,83460,239
rev,83467,0
rev,83469,11
rev,83474,238
rev,83478,270
conv,83482,285
rev,83486,19
rev,83493,296
rev,83504,281
conv,83506,71
rev,83509,158
conv,83516,354
rev,83541,161
rev,83543,220
rev,83549,15
conv,83556,84
rev,83563,149
conv,83571,63
conv,83584,384
conv,83592,75
rev,83595,91
rev,83597,234
conv,83604,97
conv,83606,1
conv,83612,163
conv,83618,25
rev,83619,112
conv,83631,69
conv,83638,91
rev,83647,134
rev,83654,147
conv,83659,126
rev,83684,285
conv,83688,24
conv,83691,153
conv,83693,114
conv,83715,348
rev,83716,150
conv,83728,236
conv,83736,285
rev,83737,29
rev,83747,100
rev,83748,262
conv,83749,165
conv,83758,220
rev,83759,131
conv,83773,68
rev,83789,71
rev,83792,125
rev,83806,345
conv,83811,53
rev,83814,152
conv,83817,259
conv,83819,35
rev,83823,106
rev,83838,91
rev,83839,170
conv,83847,125
conv,83855,134
rev,83881,141
rev,83882,34
conv,83884,270
conv,83891,164
rev,83893,75
conv,83899,201
conv,83907,200
conv,83915,213
conv,83924,180
conv,83929,131
rev,83931,63
rev,83932,328
conv,83942,91
rev,83958,199
rev,83959,125
rev,83961,303
conv,83965,150
rev,83967,258
rev,83978,2
conv,83979,100
rev,83982,5
conv,83993,5
conv,83997,112
rev,84006,66
conv,84010,11
rev,84013,306
rev,84016,8
rev,84029,53
rev,84031,65
conv,84036,2
rev,84037,181
rev,84045,1
rev,84056,134
rev,84059,151
conv,84068,139
rev,84076,9
conv,84077,149
rev,84086,322
rev,84088,154
conv,84101,322
conv,84106,375
conv,84110,262
conv,84117,206
conv,84119,152
rev,84140,294
rev,84143,259
conv,84150,154
rev,84153,7
conv,84158,167
rev,84163,360
rev,84165,11
rev,84168,340
rev,84204,152
rev,84216,58
conv,84223,199
conv,84242,296
conv,84243,303
rev,84249,44
rev,84250,70
conv,84256,331
conv,84262,8
rev,84280,342
rev,84290,80
rev,84296,87
conv,84308,119
rev,84310,112
rev,84311,179
conv,84317,374
rev,84325,150
conv,84333,141
rev,84335,201
rev,84340,178
conv,84353,170
conv,84354,137
rev,84363,145
conv,84364,44
conv,84366,112
conv,84367,152
rev,84396,331
rev,84402,180
rev,84410,22
conv,84414,342
conv,84416,298
rev,84424,149
conv,84441,150
rev,84443,271
rev,84448,165
rev,84453,25
conv,84458,80
rev,84477,197
conv,84480,65
conv,84481,281
conv,84491,53
rev,84499,68
rev,84526,2
rev,84534,375
conv,84537,224
conv,84539,9
conv,84547,360
rev,84563,285
rev,84566,116
conv,84568,375
rev,84571,139
conv,84585,328
conv,84588,158
conv,84590,331
conv,84594,19
rev,84613,374
rev,84614,182
conv,84631,258
conv,84643,70
conv,84645,201
rev,84648,112
conv,84650,0
conv,84653,181
rev,84664,122
conv,84667,306
rev,84671,296
conv,84701,106
rev,84732,342
rev,84752,208
conv,84762,11
rev,84764,359
rev,84774,19
rev,84776,47
rev,84778,281
rev,84789,143
conv,84790,147
conv,84791,340
rev,84804,205
rev,84809,150
conv,84834,294
rev,84837,231
conv,84845,145
rev,84850,305
rev,84858,370
conv,84864,285
rev,84868,384
rev,84869,106
conv,84878,58
rev,84882,201
rev,84883,239
conv,84892,34
conv,84893,13
rev,84897,141
conv,84900,374
conv,84918,165
rev,84929,258
rev,84935,34
conv,84950,208
rev,84954,165
conv,84955,380
conv,84959,15
rev,84964,115
rev,84965,5
conv,84978,63
conv,84980,239
conv,84984,112
conv,84988,115
rev,84989,136
conv,84994,141
conv,85000,125
conv,85016,34
rev,85021,304
rev,85022,326
conv,85024,345
conv,85049,122
rev,85053,122
conv,85054,68
rev,85057,114
conv,85060,29
rev,85063,382
rev,85065,306
rev,85068,72
rev,85096,34
conv,85104,180
rev,85113,15
rev,85119,340
rev,85124,206
rev,85138,294
rev,85140,115
conv,85143,206
rev,85157,368
conv,85159,205
conv,85160,382
conv,85176,47
conv,85178,296
conv,85181,115
conv,85190,178
rev,85200,154
rev,85201,160
rev,85206,91
rev,85217,152
conv,85219,271
conv,85231,143
rev,85233,119
rev,85236,296
rev,85252,69
rev,85264,270
conv,85268,7
conv,85275,259
conv,85277,306
rev,85278,121
conv,85284,15
conv,85299,313
conv,85301,326
conv,85306,384
conv,85329,151
rev,85331,126
rev,85334,63
conv,85344,116
rev,85367,341
rev,85372,380
conv,85378,50
rev,85391,50
conv,85396,161
rev,85398,346
rev,85412,146
conv,85432,5
conv,85444,304
conv,85456,380
conv,85457,341
rev,85459,100
rev,85460,213
rev,85461,383
conv,85466,100
rev,85478,112
rev,85495,44
rev,85496,331
conv,85498,234
conv,85509,121
rev,85510,148
rev,85524,200
conv,85530,165
rev,85536,165
rev,85537,224
conv,85538,311
conv,85539,66
rev,85541,15
conv,85542,351
conv,85547,251
rev,85557,323
conv,85558,160
conv,85569,342
conv,85573,270
conv,85580,134
conv,85585,154
rev,85597,100
rev,85599,345
conv,85602,238
rev,85603,275
rev,85606,38
conv,85615,213
rev,85620,56
conv,85627,149
rev,85628,180
rev,85629,178
conv,85642,368
rev,85650,208
conv,85658,133
conv,85662,169
conv,85664,136
rev,85677,355
rev,85679,13
conv,85682,340
conv,85684,146
rev,85688,48
conv,85705,197
conv,85708,182
conv,85715,281
conv,85720,201
conv,85734,231
rev,85736,309
rev,85747,10
conv,85752,38
rev,85762,340
conv,85765,150
conv,85789,275
conv,85791,100
conv,85793,359
rev,85795,169
rev,85804,124
conv,85808,331
conv,85815,112
rev,85816,306
conv,85834,309
conv,85840,180
conv,85853,179
rev,85867,24
conv,85883,71
conv,85891,22
conv,85897,96
rev,85899,181
rev,85914,289
conv,85915,56
rev,85920,28
rev,85931,31
conv,85947,224
conv,85948,126
conv,85951,139
conv,85957,200
conv,85961,69
rev,85968,151
conv,85969,306
rev,85972,23
conv,85978,87
conv,85994,34
rev,85999,130
conv,86010,383
conv,86019,221
rev,86026,150
conv,86033,25
conv,86044,24
rev,86048,69
rev,86071,283
conv,86077,289
conv,86080,15
rev,86085,70
conv,86087,346
rev,86088,164
conv,86090,148
conv,86091,10
rev,86097,200
rev,86098,143
rev,86102,115
rev,86128,8
conv,86137,23
conv,86141,294
rev,86146,294
rev,86150,11
rev,86151,22
conv,86160,22
rev,86161,116
conv,86167,355
rev,86173,180
rev,86180,38
rev,86181,146
rev,86184,309
conv,86190,11
conv,86198,38
conv,86199,252
conv,86229,72
rev,86233,362
rev,86247,229
conv,86248,340
rev,86249,35
rev,86250,112
conv,86270,91
conv,86281,309
conv,86284,1
rev,86292,38
rev,86294,185
conv,86301,152
conv,86302,229
conv,86308,124
rev,86315,133
rev,86319,153
rev,86321,7
rev,86325,71
rev,86326,53
rev,86333,100
rev,86340,321
rev,86348,58
conv,86349,178
rev,86353,24
rev,86355,148
rev,86357,147
rev,86361,159
rev,86373,134
conv,86384,134
rev,86413,306
rev,86420,213
conv,86440,150
conv,86463,255
rev,86467,346
rev,86471,174
conv,86483,200
rev,86489,134
conv,86495,38
rev,86498,281
rev,86508,304
rev,86512,57
rev,86513,331
rev,86519,131
rev,86528,9
conv,86532,24
conv,86536,283
rev,86548,313
conv,86554,146
rev,86560,351
conv,86562,48
conv,86569,174
conv,86572,313
conv,86580,112
rev,86588,353
conv,86595,185
conv,86603,169
rev,86604,259
conv,86611,119
rev,86612,124
conv,86618,131
conv,86624,28
conv,86632,44
rev,86638,328
rev,86639,275
rev,86647,197
rev,86660,28
conv,86661,53
rev,86668,10
conv,86677,71
conv,86682,133
conv,86688,10
rev,86691,265
rev,86695,71
rev,86703,347
rev,86715,242
rev,86717,149
conv,86741,265
rev,86742,289
rev,86758,79
rev,86767,355
rev,86781,73
conv,86787,57
conv,86790,106
conv,86794,306
conv,86810,43
rev,86844,5
rev,86846,169
rev,86851,12
rev,86852,306
conv,86853,79
conv,86855,306
rev,86856,96
conv,86861,50
rev,86862,11
conv,86868,116
rev,86871,185
rev,86877,342
conv,86887,70
rev,86893,224
rev,86900,201
conv,86903,147
rev,86906,53
rev,86910,125
conv,86911,58
rev,86930,383
conv,86957,258
conv,86971,134
rev,86976,43
conv,86978,355
conv,86983,63
rev,86987,160
rev,86988,384
rev,86992,303
conv,86993,151
conv,86997,289
conv,87000,281
rev,87002,307
conv,87009,180
rev,87012,202
conv,87014,345
rev,87015,22
rev,87018,311
conv,87027,8
rev,87028,152
rev,87044,8
rev,87056,36
conv,87069,160
rev,87073,138
rev,87076,306
rev,87090,136
conv,87095,331
conv,87106,73
conv,87113,197
rev,87155,34
conv,87159,303
rev,87164,131
conv,87177,11
conv,87183,53
conv,87185,34
rev,87191,39
conv,87192,96
conv,87195,304
rev,87198,281
conv,87207,306
conv,87213,224
conv,87216,8
rev,87222,70
rev,87223,355
rev,87230,228
rev,87233,134
conv,87242,275
rev,87246,25
conv,87250,5
rev,87264,119
conv,87267,181
rev,87268,24
conv,87271,36
rev,87285,145
conv,87287,281
conv,87299,201
conv,87312,165
rev,87320,197
rev,87324,374
conv,87335,213
rev,87336,212
rev,87337,87
rev,87339,151
conv,87349,138
rev,87351,258
conv,87359,151
conv,87360,136
conv,87374,169
conv,87379,22
conv,87389,31
conv,87403,71
rev,87411,11
rev,87415,340
conv,87419,362
rev,87431,22
conv,87449,28
rev,87451,5
conv,87461,2
conv,87464,307
rev,87465,44
conv,87476,228
rev,87490,38
rev,87493,201
conv,87494,75
rev,87496,75
rev,87498,63
conv,87513,70
rev,87522,26
conv,87529,12
rev,87532,127
conv,87536,319
conv,87545,185
conv,87563,25
rev,87565,237
rev,87574,224
conv,87576,383
rev,87577,34
rev,87585,141
conv,87588,44
rev,87595,161
rev,87597,50
conv,87601,7
rev,87606,10
conv,87610,258
conv,87618,237
rev,87619,44
rev,87636,96
conv,87637,26
rev,87641,210
rev,87649,71
rev,87656,281
conv,87663,114
rev,87679,151
conv,87682,296
conv,87701,153
conv,87721,208
conv,87728,134
rev,87733,139
conv,87743,11
conv,87752,201
conv,87760,321
rev,87767,208
rev,87769,322
conv,87785,159
rev,87814,181
conv,87815,148
conv,87816,305
rev,87819,136
rev,87824,306
conv,87833,323
rev,87840,56
rev,87852,205
conv,87865,355
rev,87876,66
rev,87878,1
conv,87879,119
rev,87893,375
rev,87897,262
conv,87899,242
conv,87910,384
rev,87916,169
conv,87930,139
rev,87932,7
conv,87933,44
rev,87946,331
rev,87957,119
conv,87964,161
rev,87974,180
rev,87978,239
rev,87979,183
rev,87983,126
rev,87991,255
conv,87995,7
conv,88008,294
rev,88015,200
conv,88016,69
conv,88020,24
conv,88030,136
conv,88032,19
rev,88043,341
rev,88045,161
rev,88050,170
rev,88059,216
rev,88063,19
conv,88068,255
rev,88094,373
rev,88097,53
rev,88100,11
conv,88102,328
rev,88103,69
rev,88113,54
conv,88123,22
conv,88125,34
conv,88128,39
conv,88134,322
conv,88139,141
rev,88153,226
rev,88165,334
conv,88168,370
conv,88173,13
conv,88180,334
conv,88188,56
conv,88192,205
conv,88203,75
rev,88211,24
rev,88216,113
rev,88222,133
conv,88240,161
rev,88250,12
conv,88251,54
rev,88272,80
conv,88298,115
conv,88299,38
rev,88300,309
rev,88309,285
rev,88321,363
rev,88326,173
rev,88332,6
conv,88335,151
rev,88341,237
conv,88344,143
conv,88350,53
conv,88356,331
conv,88364,216
rev,88370,28
conv,88380,130
rev,88382,201
rev,88389,301
rev,88397,134
rev,88400,255
conv,88401,224
conv,88406,173
conv,88412,122
rev,88413,112
rev,88414,296
conv,88427,164
conv,88430,127
rev,88437,354
conv,88446,131
conv,88450,126
conv,88462,71
conv,88469,169
conv,88479,124
conv,88498,181
rev,88500,384
rev,88505,159
conv,88510,87
conv,88512,262
conv,88538,69
conv,88545,133
rev,88546,46
conv,88548,170
conv,88549,341
rev,88569,109
rev,88572,56
rev,88585,122
conv,88586,46
conv,88600,96
conv,88618,6
conv,88621,239
rev,88639,213
conv,88643,340
rev,88664,219
rev,88695,239
rev,88696,92
conv,88704,309
rev,88716,150
rev,88718,34
rev,88732,331
conv,88735,255
conv,88737,100
rev,88739,313
conv,88744,92
conv,88758,134
conv,88759,28
rev,88776,75
conv,88786,363
conv,88789,200
rev,88797,136
rev,88802,148
rev,88803,309
rev,88808,305
conv,88812,237
rev,88813,126
conv,88825,331
rev,88837,178
conv,88843,197
conv,88844,136
conv,88847,50
rev,88870,106
conv,88877,24
conv,88886,226
rev,88891,2
conv,88897,305
rev,88913,7
rev,88919,92
rev,88925,193
conv,88926,311
conv,88928,306
rev,88945,79
conv,88953,34
rev,88955,72
conv,88957,12
conv,88958,5
conv,88968,354
conv,88978,10
conv,88987,112
conv,89009,342
conv,89013,212
conv,89018,239
conv,89025,281
conv,89031,1
rev,89038,161
rev,89040,359
conv,89041,109
rev,89049,129
rev,89055,203
rev,89056,222
conv,89068,75
conv,89075,122
rev,89076,354
rev,89079,136
conv,89080,210
rev,89087,52
rev,89093,173
conv,89098,375
conv,89102,125
rev,89109,70
rev,89111,251
rev,89115,239
conv,89124,159
conv,89127,35
rev,89129,36
conv,89131,129
rev,89169,29
rev,89173,133
conv,89187,63
conv,89191,384
rev,89195,165
conv,89205,133
rev,89211,53
conv,89213,136
conv,89215,92
rev,89218,206
conv,89226,285
rev,89229,355
conv,89233,203
conv,89241,259
conv,89243,178
rev,89244,255
rev,89249,105
rev,89250,5
conv,89252,222
rev,89264,1
conv,89267,301
rev,89270,50
conv,89284,206
rev,89285,63
rev,89289,237
rev,89295,340
rev,89303,289
conv,89343,355
conv,89346,149
conv,89351,289
conv,89358,193
conv,89367,105
rev,89372,116
conv,89390,213
rev,89393,130
conv,89402,1
conv,89412,359
rev,89413,281
rev,89435,69
conv,89461,353
conv,89471,29
rev,89485,71
rev,89515,384
conv,89528,354
conv,89532,201
rev,89539,197
rev,89550,270
rev,89552,3
rev,89563,331
rev,89567,149
conv,89575,106
rev,89618,134
conv,89619,71
conv,89623,9
conv,89624,384
rev,89625,40
rev,89626,384
conv,89627,148
conv,89630,150
conv,89632,340
rev,89639,34
conv,89641,52
rev,89649,355
rev,89662,213
rev,89670,68
conv,89671,180
conv,89672,36
conv,89688,19
conv,89692,219
rev,89700,100
rev,89701,221
rev,89705,87
conv,89708,208
conv,89714,173
conv,89740,270
rev,89755,211
rev,89758,340
rev,89760,301
rev,89763,311
conv,89767,301
rev,89773,212
rev,89777,359
rev,89787,258
conv,89790,70
conv,89819,134
conv,89820,40
rev,89824,170
conv,89830,3
conv,89839,313
rev,89850,9
rev,89855,115
conv,89856,130
conv,89865,2
conv,89867,113
conv,89884,213
rev,89885,75
conv,89886,5
conv,89892,53
rev,89893,53
rev,89895,35
rev,89911,208
rev,89915,229
rev,89923,216
conv,89924,161
conv,89928,216
conv,89930,170
conv,89934,229
rev,89935,362
conv,89938,183
conv,89944,251
conv,89963,311
rev,89968,143
rev,89973,259
conv,89974,63
rev,89977,19
conv,89989,373
rev,89990,160
rev,89992,131
conv,90003,237
conv,90019,160
rev,90022,28
rev,90046,251
rev,90056,380
rev,90059,322
rev,90062,147
conv,90068,212
rev,90071,224
rev,90077,213
rev,90083,170
rev,90085,92
conv,90089,79
rev,90113,63
rev,90116,79
rev,90120,313
rev,90126,65
conv,90137,131
conv,90139,258
conv,90140,72
conv,90145,380
conv,90165,213
rev,90171,141
rev,90172,200
rev,90191,311
rev,90193,167
conv,90206,143
rev,90209,375
conv,90214,87
conv,90215,75
rev,90220,289
conv,90222,221
conv,90240,119
conv,90243,331
rev,90250,169
rev,90257,222
conv,90267,92
rev,90270,70
rev,90272,46
rev,90285,306
rev,90294,124
rev,90296,150
conv,90308,384
rev,90315,178
conv,90320,43
conv,90324,79
rev,90336,213
conv,90339,70
conv,90360,145
conv,90362,126
rev,90367,29
rev,90376,15
rev,90387,180
rev,90393,328
rev,90398,24
conv,90408,224
conv,90432,374
rev,90434,224
conv,90442,116
rev,90443,212
rev,90446,160
conv,90453,46
conv,90464,170
rev,90472,39
rev,90478,201
conv,90484,177
rev,90489,54
conv,90506,281
rev,90510,136
rev,90522,33
rev,90524,246
rev,90525,126
rev,90532,70
conv,90547,213
rev,90559,22
conv,90562,180
rev,90563,164
conv,90564,375
conv,90570,296
rev,90574,213
conv,90576,222
rev,90579,151
conv,90580,141
conv,90588,213
rev,90592,193
rev,90607,334
rev,90615,37
rev,90626,116
rev,90629,206
rev,90630,26
rev,90636,159
conv,90638,322
conv,90649,19
rev,90654,324
rev,90681,303
conv,90682,167
conv,90685,29
conv,90690,211
conv,90694,340
rev,90702,181
conv,90712,136
conv,90716,69
rev,90717,2
conv,90724,2
rev,90732,130
conv,90735,26
conv,90736,54
conv,90737,197
conv,90738,100
rev,90740,119
conv,90752,63
rev,90754,38
conv,90758,11
rev,90771,258
rev,90778,281
conv,90785,130
conv,90792,164
conv,90795,303
rev,90799,299
conv,90818,119
conv,90821,80
conv,90825,251
conv,90842,34
rev,90848,301
rev,90853,342
rev,90856,80
rev,90858,114
conv,90860,347
rev,90861,380
conv,90862,39
rev,90872,122
conv,90873,355
rev,90884,75
conv,90886,7
rev,90889,222
conv,90900,281
rev,90901,357
conv,90904,181
conv,90914,150
conv,90920,334
rev,90935,2
rev,90936,251
rev,90942,141
conv,90952,65
conv,90956,15
conv,90978,160
conv,90981,126
conv,90983,80
rev,90999,383
rev,91001,112
conv,91004,53
conv,91005,178
rev,91009,19
conv,91017,206
conv,91025,56
conv,91027,149
rev,91030,1
conv,91037,38
conv,91045,114
rev,91053,322
rev,91055,178
conv,91066,75
rev,91084,26
conv,91095,50
rev,91096,279
rev,91097,353
rev,91100,375
rev,91110,149
rev,91115,6
conv,91121,306
conv,91124,289
rev,91135,91
rev,91138,15
conv,91140,255
rev,91146,40
conv,91148,259
rev,91151,154
conv,91162,37
rev,91163,281
conv,91164,299
conv,91167,375
rev,91173,197
conv,91187,197
conv,91195,322
rev,91197,306
rev,91201,259
rev,91229,213
rev,91237,114
conv,91243,122
rev,91246,138
rev,91247,100
rev,91258,125
rev,91261,126
rev,91262,355
conv,91264,138
rev,91269,119
rev,91273,145
rev,91278,56
conv,91287,70
conv,91293,224
conv,91296,112
conv,91303,28
conv,91323,15
rev,91331,70
rev,91332,130
conv,91335,35
conv,91339,159
rev,91340,289
conv,91346,239
conv,91348,124
conv,91352,281
conv,91354,70
conv,91360,380
conv,91362,357
conv,91366,313
rev,91373,38
rev,91374,161
conv,91375,2
conv,91376,152
conv,91383,91
conv,91387,115
conv,91393,212
rev,91411,384
rev,91416,70
rev,91430,380
conv,91434,100
conv,91441,70
rev,91455,192
rev,91480,167
rev,91500,164
rev,91515,80
conv,91529,151
rev,91552,212
conv,91553,149
conv,91554,165
rev,91565,15
rev,91570,36
conv,91576,384
conv,91581,309
conv,91590,311
rev,91594,224
rev,91606,63
conv,91607,154
conv,91644,192
rev,91659,236
conv,91666,169
rev,91669,41
rev,91676,113
rev,91682,262
rev,91684,28
rev,91691,154
conv,91692,26
rev,91707,311
rev,91710,255
conv,91714,251
rev,91720,281
rev,91722,29
rev,91742,372
conv,91749,306
rev,91758,231
rev,91760,65
conv,91762,38
conv,91766,301
conv,91777,164
rev,91780,70
rev,91795,363
rev,91797,144
rev,91800,164
conv,91803,114
conv,91805,161
conv,91810,224
conv,91811,116
rev,91812,26
rev,91813,155
rev,91815,271
conv,91838,56
conv,91850,28
conv,91854,178
rev,91866,92
conv,91868,40
rev,91878,301
conv,91883,147
rev,91889,5
rev,91894,8
rev,91902,75
conv,91909,372
rev,91927,178
conv,91937,255
conv,91942,75
conv,91950,167
conv,91959,92
rev,91973,51
rev,91975,287
rev,91976,151
conv,91978,287
rev,91982,16
rev,91988,58
conv,91992,26
conv,91993,258
conv,91996,130
conv,92000,328
conv,92002,119
conv,92014,380
rev,92026,172
rev,92028,228
rev,92030,159
conv,92032,80
rev,92035,152
conv,92036,6
rev,92051,80
rev,92059,44
conv,92063,201
rev,92075,219
conv,92076,113
conv,92092,213
rev,92095,130
rev,92117,10
conv,92143,126
rev,92145,170
conv,92152,141
rev,92153,149
conv,92154,353
rev,92167,340
conv,92175,65
rev,92180,224
rev,92201,91
conv,92205,363
rev,92207,347
conv,92208,66
conv,92209,151
conv,92216,172
conv,92218,359
rev,92219,127
rev,92221,313
rev,92228,380
rev,92234,65
conv,92236,145
rev,92242,276
rev,92248,161
rev,92257,28
rev,92259,84
conv,92269,383
rev,92286,50
rev,92300,192
rev,92302,374
rev,92319,207
rev,92332,167
conv,92340,193
rev,92343,45
conv,92362,236
rev,92363,384
conv,92369,212
conv,92371,342
rev,92372,156
conv,92374,152
conv,92377,347
conv,92381,41
rev,92383,92
conv,92385,154
rev,92399,201
rev,92400,372
conv,92401,301
rev,92413,150
conv,92430,149
rev,92444,139
conv,92446,63
conv,92451,192
rev,92459,352
conv,92470,289
conv,92482,5
rev,92493,169
rev,92494,2
rev,92496,138
conv,92503,228
rev,92514,100
rev,92517,290
rev,92524,212
conv,92532,374
conv,92543,259
conv,92547,100
rev,92555,112
rev,92556,258
rev,92565,131
conv,92566,311
rev,92568,368
rev,92579,206
conv,92580,68
rev,92594,192
rev,92599,35
conv,92621,29
rev,92624,205
conv,92645,281
conv,92656,161
conv,92657,51
rev,92660,259
rev,92668,69
rev,92677,181
conv,92684,91
rev,92685,34
rev,92688,124
conv,92690,164
conv,92695,170
rev,92701,163
conv,92711,167
rev,92722,364
rev,92723,100
conv,92724,200
rev,92732,345
conv,92735,44
rev,92737,327
rev,92738,149
rev,92747,328
rev,92752,306
conv,92753,156
conv,92763,84
conv,92764,328
rev,92773,11
rev,92775,44
conv,92778,112
conv,92786,10
conv,92793,222
rev,92795,234
rev,92796,79
rev,92800,87
conv,92804,159
rev,92810,84
conv,92830,327
rev,92833,289
conv,92839,92
conv,92842,380
rev,92855,154
conv,92863,224
conv,92878,127
conv,92886,262
rev,92902,353
conv,92912,34
conv,92913,353
rev,92915,96
conv,92934,207
conv,92935,276
conv,92939,50
conv,92946,138
conv,92947,194
conv,92953,65
rev,92959,365
rev,92960,285
conv,92962,313
conv,92967,181
rev,92968,287
rev,92991,7
rev,92993,141
rev,92994,112
conv,92998,234
rev,93010,117
conv,93021,208
conv,93022,87
rev,93030,114
conv,93035,112
conv,93040,192
conv,93043,364
rev,93056,307
conv,93061,16
conv,93063,246
conv,93066,8
conv,93067,139
conv,93071,365
rev,93072,145
conv,93096,285
rev,93100,192
conv,93106,290
rev,93113,39
rev,93116,26
rev,93129,12
conv,93139,70
rev,93148,54
rev,93152,290
rev,93184,65
rev,93211,173
rev,93215,10
rev,93217,375
rev,93221,50
rev,93222,224
rev,93223,303
conv,93237,1
conv,93249,219
rev,93250,29
conv,93251,58
conv,93256,163
rev,93259,136
conv,93260,372
conv,93264,36
rev,93268,48
rev,93275,213
conv,93279,178
conv,93281,12
conv,93282,258
conv,93288,205
conv,93289,136
conv,93295,22
rev,93310,136
rev,93316,374
conv,93319,24
conv,93321,145
conv,93324,130
rev,93325,251
conv,93331,279
rev,93339,292
rev,93341,301
rev,93343,75
conv,93352,141
conv,93358,206
rev,93361,311
conv,93362,303
rev,93365,70
rev,93369,203
rev,93371,127
rev,93374,227
conv,93383,2
rev,93391,139
conv,93401,26
rev,93405,143
rev,93409,305
conv,93424,271
rev,93453,6
conv,93458,259
conv,93464,340
conv,93468,306
conv,93469,15
rev,93496,340
rev,93499,205
rev,93509,152
conv,93513,44
conv,93516,201
conv,93518,144
conv,93520,114
conv,93524,69
rev,93528,378
conv,93539,173
conv,93545,54
rev,93549,92
rev,93554,160
conv,93570,324
rev,93588,181
conv,93589,84
rev,93596,0
conv,93599,155
rev,93603,71
conv,93607,7
rev,93608,22
rev,93615,380
rev,93619,15
rev,93629,112
rev,93632,161
conv,93639,154
conv,93642,143
rev,93644,87
conv,93654,96
rev,93656,56
conv,93670,35
rev,93671,114
conv,93673,251
rev,93674,239
conv,93680,239
conv,93689,125
conv,93690,92
rev,93695,353
rev,93698,44
conv,93703,227
conv,93704,287
rev,93714,331
conv,93719,307
conv,93728,56
conv,93734,44
conv,93736,374
conv,93739,100
conv,93740,80
rev,93743,54
conv,93748,29
conv,93756,54
conv,93757,9
conv,93769,28
conv,93779,139
rev,93781,262
rev,93793,250
conv,93797,181
conv,93802,250
rev,93810,260
rev,93815,193
conv,93816,202
rev,93828,63
rev,93831,178
rev,93832,7
conv,93839,378
conv,93854,22
conv,93862,136
conv,93866,65
rev,93868,310
conv,93877,45
rev,93889,239
rev,93893,319
rev,93900,374
rev,93903,38
conv,93906,384
conv,93908,352
rev,93911,378
conv,93937,39
rev,93942,251
rev,93966,188
conv,93973,213
rev,93975,130
conv,93984,310
rev,94002,309
conv,94003,251
conv,94012,353
rev,94013,197
rev,94028,96
conv,94032,239
conv,94033,10
conv,94034,131
rev,94035,258
conv,94043,292
rev,94054,106
rev,94060,184
rev,94061,53
rev,94066,259
conv,94072,6
rev,94076,131
conv,94080,197
rev,94082,154
conv,94083,319
rev,94086,44
rev,94087,18
conv,94096,258
conv,94098,79
rev,94105,56
rev,94108,341
conv,94109,346
rev,94115,91
rev,94118,1
rev,94122,10
conv,94136,152
rev,94140,180
rev,94144,372
rev,94148,28
rev,94161,9
conv,94165,131
conv,94168,70
rev,94174,251
rev,94190,22
rev,94197,139
conv,94205,203
rev,94206,207
conv,94219,53
rev,94221,2
conv,94222,91
conv,94223,331
conv,94230,127
rev,94236,66
rev,94237,324
rev,94238,125
conv,94239,224
conv,94246,63
conv,94250,193
rev,94255,64
rev,94257,158
conv,94269,149
conv,94270,10
rev,94273,252
rev,94278,58
rev,94294,200
rev,94312,213
rev,94316,136
conv,94320,200
rev,94336,138
rev,94362,149
conv,94363,64
rev,94373,126
conv,94380,180
conv,94381,71
conv,94386,22
rev,94388,84
rev,94389,70
rev,94392,239
rev,94395,285
conv,94397,184
conv,94399,259
rev,94402,116
rev,94411,184
conv,94414,50
conv,94420,188
conv,94426,130
rev,94428,103
conv,94430,192
rev,94431,10
rev,94432,88
conv,94438,7
conv,94440,33
conv,94455,251
conv,94457,66
conv,94459,125
conv,94476,154
conv,94478,84
conv,94480,1
rev,94482,224
conv,94484,38
conv,94490,231
conv,94494,2
rev,94500,257
conv,94508,106
rev,94509,144
conv,94512,239
rev,94531,251
rev,94543,34
rev,94549,172
conv,94566,362
rev,94595,360
rev,94599,222
rev,94609,226
rev,94614,43
rev,94620,45
conv,94624,117
rev,94625,259
rev,94640,100
rev,94644,84
conv,94645,207
conv,94651,124
rev,94659,122
rev,94664,92
rev,94665,258
conv,94669,58
conv,94688,340
rev,94702,231
rev,94703,200
rev,94705,115
conv,94709,138
conv,94713,116
conv,94722,224
conv,94729,212
rev,94735,124
conv,94736,44
rev,94741,53
rev,94744,342
conv,94745,231
conv,94755,103
rev,94757,197
rev,94758,357
conv,94761,305
conv,94762,290
conv,94764,258
rev,94767,131
rev,94770,106
rev,94783,236
rev,94784,130
conv,94788,341
rev,94802,8
rev,94803,281
rev,94813,341
conv,94820,139
rev,94824,224
conv,94828,48
rev,94829,145
rev,94835,151
conv,94839,257
conv,94848,18
conv,94852,130
conv,94853,56
conv,94859,375
conv,94862,360
rev,94863,119
rev,94887,290
rev,94900,40
conv,94902,122
rev,94906,270
conv,94934,380
rev,94938,181
conv,94940,161
conv,94943,70
conv,94949,262
conv,94950,15
rev,94959,380
rev,94965,5
conv,94978,251
rev,94984,44
rev,94993,56
conv,94994,311
rev,95008,173
conv,95011,5
rev,95013,365
rev,95014,79
conv,95019,378
conv,95020,106
rev,95036,233
conv,95040,11
conv,95066,341
rev,95080,378
conv,95085,226
rev,95088,152
rev,95092,70
conv,95104,301
conv,95105,197
rev,95106,170
rev,95107,212
rev,95113,1
rev,95122,127
conv,95125,324
conv,95136,9
conv,95138,178
rev,95141,276
conv,95143,43
conv,95167,88
rev,95168,153
rev,95177,156
conv,95186,236
conv,95194,56
rev,95208,12
rev,95211,331
conv,95213,115
rev,95225,207
conv,95238,285
rev,95251,313
conv,95265,313
conv,95266,12
rev,95267,125
conv,95275,19
conv,95280,152
conv,95283,53
rev,95285,139
conv,95288,365
rev,95297,159
rev,95318,306
rev,95320,219
conv,95329,158
rev,95330,39
conv,95342,357
rev,95352,11
conv,95358,75
conv,95370,170
rev,95371,19
conv,95372,374
conv,95373,213
conv,95374,212
conv,95384,380
conv,95385,124
rev,95391,14
conv,95392,289
conv,95397,14
rev,95406,239
rev,95412,362
conv,95417,149
conv,95423,127
conv,95426,144
rev,95428,38
conv,95436,34
conv,95446,281
rev,95450,127
rev,95459,80
conv,95467,139
rev,95469,106
conv,95475,205
rev,95477,9
conv,95485,126
rev,95490,53
conv,95491,8
conv,95495,355
rev,95501,54
conv,95503,28
rev,95508,8
conv,95514,92
rev,95515,180
conv,95523,233
conv,95534,11
conv,95536,19
rev,95538,68
rev,95539,325
rev,95541,334
conv,95551,290
conv,95566,87
conv,95567,372
rev,95570,64
rev,95576,5
conv,95577,106
rev,95586,124
rev,95589,329
conv,95592,224
rev,95593,12
rev,95595,367
conv,95598,325
conv,95602,79
rev,95606,34
conv,95614,172
rev,95619,202
rev,95630,321
rev,95649,258
conv,95655,127
conv,95660,34
conv,95663,119
conv,95683,151
rev,95690,152
conv,95693,100
conv,95696,112
conv,95715,180
conv,95723,54
conv,95734,131
rev,95748,130
rev,95750,199
rev,95769,41
rev,95780,301
rev,95789,285
rev,95794,115
conv,95800,285
rev,95807,155
conv,95826,39
conv,95833,202
rev,95836,2
rev,95840,340
conv,95842,0
conv,95861,125
conv,95863,200
rev,95879,250
conv,95880,64
conv,95882,84
rev,95884,375
rev,95886,87
rev,95889,0
conv,95898,259
rev,95903,11
rev,95911,16
rev,95918,177
conv,95921,340
conv,95923,155
conv,95924,145
conv,95933,40
conv,95950,184
rev,95952,146
rev,95954,100
rev,95957,290
conv,95958,306
rev,95963,79
rev,95964,131
rev,95965,224
rev,95975,154
conv,95984,80
rev,95986,213
rev,95987,105
rev,95988,357
rev,95999,254
conv,96000,199
conv,96008,136
rev,96009,145
conv,96013,213
conv,96014,156
conv,96039,378
rev,96041,136
rev,96048,340
conv,96050,258
conv,96060,169
rev,96064,304
rev,96070,285
conv,96076,357
conv,96080,70
conv,96083,304
conv,96084,8
conv,96087,105
conv,96092,96
conv,96106,276
rev,96110,212
conv,96113,16
rev,96120,180
rev,96124,119
rev,96125,380
rev,96127,194
conv,96131,1
rev,96142,170
conv,96160,250
conv,96178,219
rev,96188,291
rev,96192,144
rev,96201,96
rev,96213,192
conv,96217,87
rev,96229,365
rev,96232,304
rev,96238,174
conv,96241,119
conv,96252,150
conv,96261,301
rev,96263,305
conv,96264,342
conv,96265,212
conv,96290,131
conv,96292,170
rev,96305,210
conv,96307,224
conv,96309,11
rev,96311,178
conv,96314,362
conv,96321,375
rev,96324,56
rev,96326,134
rev,96338,70
rev,96346,167
rev,96350,39
rev,96354,281
conv,96357,291
rev,96363,353
conv,96368,10
rev,96370,213
rev,96375,50
conv,96380,41
conv,96386,180
rev,96387,338
rev,96404,229
conv,96406,9
rev,96408,19
rev,96411,131
conv,96416,229
rev,96428,112
rev,96431,7
rev,96437,224
rev,96440,9
conv,96441,334
rev,96444,106
rev,96467,374
rev,96493,139
rev,96495,87
conv,96500,192
rev,96505,205
conv,96507,7
rev,96509,147
rev,96515,306
rev,96521,148
rev,96522,200
conv,96528,12
conv,96530,112
conv,96532,39
rev,96538,328
conv,96544,281
conv,96548,44
conv,96563,124
conv,96565,2
conv,96582,270
rev,96588,313
rev,96602,294
rev,96610,324
conv,96616,9
rev,96623,149
rev,96627,71
conv,96632,153
conv,96634,178
rev,96637,281
rev,96646,10
rev,96657,9
conv,96661,290
conv,96671,87
conv,96687,159
conv,96692,96
rev,96705,192
rev,96708,112
conv,96713,313
rev,96731,124
conv,96734,56
rev,96749,7
rev,96759,113
rev,96766,206
conv,96768,113
conv,96771,53
rev,96783,123
rev,96794,22
rev,96797,91
rev,96801,87
rev,96807,178
conv,96823,178
rev,96830,75
conv,96831,136
conv,96849,9
rev,96853,28
conv,96854,106
conv,96856,305
rev,96859,178
rev,96867,355
conv,96869,7
rev,96877,7
rev,96882,8
rev,96883,259
rev,96886,111
conv,96902,130
rev,96905,21
rev,96908,311
conv,96909,374
rev,96943,130
rev,96946,150
rev,96951,258
conv,96958,174
conv,96960,206
conv,96963,115
rev,96964,117
conv,96968,147
conv,96972,200
conv,96979,353
conv,96987,145
rev,96999,9
rev,97000,16
conv,97008,7
conv,97015,144
rev,97030,219
conv,97039,91
conv,97042,321
conv,97043,205
conv,97047,71
conv,97052,75
rev,97055,175
rev,97062,163
conv,97081,285
conv,97089,70
conv,97093,50
rev,97096,196
rev,97102,161
rev,97112,83
conv,97120,365
conv,97122,207
rev,97126,233
conv,97141,178
rev,97145,255
conv,97157,258
rev,97161,258
conv,97164,294
conv,97169,150
rev,97176,127
conv,97185,380
conv,97212,0
rev,97213,143
conv,97230,38
conv,97238,114
conv,97244,134
rev,97257,374
rev,97259,285
conv,97263,239
conv,97264,259
conv,97272,124
rev,97274,2
conv,97290,161
rev,97294,383
conv,97305,87
conv,97312,219
rev,97322,44
conv,97329,22
rev,97334,122
rev,97341,124
rev,97343,115
conv,97345,213
rev,97346,136
conv,97353,16
rev,97357,7
rev,97359,301
rev,97364,294
rev,97370,203
rev,97377,150
rev,97384,119
rev,97389,303
rev,97393,116
rev,97395,75
rev,97400,12
conv,97420,10
rev,97427,183
conv,97428,183
conv,97431,9
conv,97436,340
rev,97441,38
rev,97442,174
conv,97446,328
conv,97449,254
conv,97451,124
rev,97459,92
rev,97460,313
conv,97473,143
conv,97477,313
rev,97483,305
rev,97491,144
conv,97495,75
conv,97510,83
conv,97517,131
conv,97519,160
conv,97524,192
conv,97526,28
conv,97530,122
rev,97535,75
conv,97537,111
rev,97538,113
conv,97539,154
rev,97542,290
conv,97543,181
conv,97547,281
rev,97552,145
conv,97578,355
conv,97580,233
conv,97582,309
rev,97585,313
conv,97588,383
rev,97589,170
conv,97593,123
conv,97599,331
rev,97604,87
conv,97614,203
conv,97631,170
rev,97632,188
conv,97642,304
conv,97644,351
rev,97645,124
conv,97647,374
rev,97648,111
rev,97654,161
conv,97660,79
rev,97664,84
conv,97667,152
conv,97670,305
conv,97671,210
conv,97683,92
rev,97686,53
conv,97701,144
conv,97709,124
conv,97717,38
rev,97723,54
conv,97728,177
rev,97731,13
rev,97749,384
rev,97751,351
conv,97752,148
conv,97758,130
conv,97765,13
rev,97777,340
conv,97787,145
rev,97791,15
rev,97806,355
conv,97808,290
conv,97822,136
conv,97831,175
conv,97839,303
conv,97841,75
rev,97843,357
conv,97855,367
rev,97869,175
conv,97877,100
rev,97895,34
rev,97897,281
rev,97905,39
rev,97906,114
rev,97913,35
rev,97916,28
rev,97923,178
rev,97927,380
rev,97931,180
rev,97937,374
rev,97939,133
rev,97956,24
conv,97970,53
rev,97973,269
conv,97974,329
rev,97975,304
rev,97984,152
rev,97994,177
rev,97999,126
conv,98000,313
rev,98008,125
rev,98014,122
rev,98022,290
rev,98037,50
conv,98043,5
rev,98045,296
conv,98047,150
conv,98057,116
rev,98061,91
conv,98068,167
rev,98071,206
rev,98075,342
rev,98095,363
conv,98097,194
rev,98110,193
rev,98112,191
rev,98113,228
conv,98119,19
rev,98148,231
rev,98149,259
rev,98168,148
conv,98180,2
conv,98188,363
rev,98193,124
conv,98197,178
conv,98201,301
rev,98203,154
rev,98219,71
conv,98221,87
conv,98235,269
conv,98241,177
conv,98242,122
rev,98244,96
rev,98249,199
conv,98254,8
conv,98261,146
conv,98266,193
conv,98270,133
conv,98276,384
conv,98277,154
conv,98292,115
rev,98297,49
rev,98301,216
rev,98304,169
conv,98306,28
rev,98312,234
conv,98318,113
rev,98321,146
rev,98336,204
rev,98337,145
conv,98345,234
rev,98349,116
conv,98357,374
rev,98371,378
conv,98375,146
conv,98385,345
conv,98395,173
rev,98397,79
conv,98399,224
conv,98401,204
rev,98410,43
rev,98411,336
rev,98418,88
conv,98426,161
rev,98450,28
conv,98453,231
rev,98462,303
conv,98469,304
rev,98491,239
rev,98497,53
conv,98519,285
conv,98523,290
conv,98526,378
rev,98528,19
rev,98535,106
rev,98544,58
conv,98545,54
conv,98558,324
rev,98569,75
conv,98570,21
conv,98582,126
conv,98586,106
conv,98614,206
conv,98615,24
conv,98618,281
rev,98620,11
conv,98625,43
conv,98631,88
rev,98637,313
rev,98658,133
rev,98669,25
rev,98671,131
rev,98685,134
conv,98686,96
rev,98705,197
conv,98707,258
rev,98719,38
conv,98720,15
rev,98735,144
rev,98741,92
conv,98744,116
rev,98762,184
rev,98771,383
conv,98773,68
rev,98777,224
rev,98779,24
conv,98783,294
rev,98790,367
conv,98800,84
conv,98806,149
conv,98812,152
conv,98814,313
rev,98815,177
rev,98821,115
rev,98831,254
conv,98844,311
rev,98848,113
conv,98855,199
rev,98882,161
rev,98885,100
rev,98923,13
conv,98927,148
conv,98930,124
rev,98933,22
conv,98939,133
rev,98947,301
rev,98951,65
conv,98954,175
rev,98958,16
rev,98960,353
conv,98972,228
conv,98978,112
rev,98983,344
conv,98994,196
conv,99002,79
conv,99007,25
rev,99009,2
conv,99013,38
conv,99014,161
rev,99023,258
conv,99024,114
conv,99025,355
conv,99032,113
conv,99036,180
rev,99041,262
conv,99052,131
conv,99055,75
conv,99056,53
rev,99060,40
rev,99061,150
rev,99073,53
rev,99096,193
rev,99112,359
conv,99114,344
rev,99121,135
conv,99123,7
rev,99128,207
rev,99138,178
conv,99140,169
conv,99158,260
rev,99172,152
rev,99180,180
rev,99191,130
conv,99194,336
rev,99207,313
conv,99208,306
rev,99221,378
rev,99236,384
rev,99250,311
rev,99253,321
conv,99259,216
rev,99265,206
conv,99275,127
conv,99276,222
conv,99277,224
conv,99291,12
conv,99295,16
conv,99298,58
conv,99303,359
conv,99314,254
rev,99320,331
conv,99329,130
rev,99339,41
conv,99340,174
rev,99342,289
rev,99345,231
conv,99350,24
rev,99353,148
conv,99361,148
rev,99363,305
conv,99374,321
rev,99376,294
conv,99378,340
rev,99387,103
rev,99388,130
conv,99389,28
rev,99412,196
rev,99413,329
rev,99414,340
rev,99426,281
conv,99438,191
rev,99440,309
rev,99442,213
conv,99462,309
conv,99465,150
rev,99471,149
conv,99478,130
conv,99483,111
rev,99484,154
rev,99487,24
conv,99490,180
conv,99502,13
rev,99528,122
rev,99529,25
conv,99533,258
conv,99536,384
rev,99545,264
rev,99555,70
rev,99562,321
conv,99566,145
conv,99567,197
rev,99580,79
rev,99592,236
conv,99607,264
conv,99609,321
conv,99615,163
rev,99621,7
conv,99626,50
rev,99632,148
rev,99636,322
rev,99637,197
conv,99640,353
conv,99651,367
rev,99652,276
conv,99660,262
conv,99667,305
conv,99680,383
rev,99682,0
rev,99691,28
conv,99698,65
rev,99704,328
conv,99709,313
conv,99714,328
conv,99726,40
rev,99730,258
rev,99753,344
conv,99756,258
conv,99757,378
conv,99759,152
conv,99765,281
conv,99769,25
rev,99771,88
rev,99779,234
conv,99790,311
conv,99799,125
conv,99803,289
rev,99814,362
rev,99815,131
conv,99819,79
rev,99820,324
conv,99822,149
conv,99828,178
conv,99834,239
rev,99836,281
rev,99844,96
rev,99851,258
conv,99858,303
conv,99867,117
conv,99871,322
conv,99878,236
conv,99880,331
conv,99881,344
rev,99882,331
conv,99888,100
rev,99892,328
conv,99896,362
conv,99897,294
conv,99898,255
conv,99902,22
rev,99903,224
rev,99905,111
rev,99908,180
rev,99911,117
conv,99923,19
rev,99928,239
rev,99931,174
rev,99934,378
conv,99940,177
conv,99948,88
rev,99950,192
conv,99953,193
conv,99965,96
rev,99979,100
rev,99983,177
rev,99986,167
rev,99994,290
