run,n_credited,rho_rank,r_log,top10_jaccard,initveg_top1_event,initveg_top10_event,initveg_share_event,mean_conv_event,mean_initveg_event,median_conv_event,initveg_top1_time,initveg_top10_time,initveg_share_time,mean_conv_time,mean_initveg_time,median_conv_time,own_med_acts,own_lt1_act,own_lt5_act,own_frac_window_med,own_conv_med_acts,sys_time,t_half,early_mean_event,late_mean_event,early_med_event,late_med_event,early_mean_time,late_mean_time,early_med_time,late_med_time,w200000_mean_time,w200000_med_time,w200000_sys_time,w200000_gini_time,w200000_mean_event,w200000_sys_event,w250000_mean_time,w250000_med_time,w250000_sys_time,w250000_gini_time,w250000_mean_event,w250000_sys_event,w310000_mean_time,w310000_med_time,w310000_sys_time,w310000_gini_time,w310000_mean_event,w310000_sys_event,w350000_mean_time,w350000_med_time,w350000_sys_time,w350000_gini_time,w350000_mean_event,w350000_sys_event,w400000_mean_time,w400000_med_time,w400000_sys_time,w400000_gini_time,w400000_mean_event,w400000_sys_event,lam0.5_mean,lam0.5_median,lam0.5_p90,lam0.5_p99,lam0.5_max,lam0.5_gini,lam0.5_top1,lam0.5_top10,lam0.5_sys,lam0.6_mean,lam0.6_median,lam0.6_p90,lam0.6_p99,lam0.6_max,lam0.6_gini,lam0.6_top1,lam0.6_top10,lam0.6_sys,lam0.7_mean,lam0.7_median,lam0.7_p90,lam0.7_p99,lam0.7_max,lam0.7_gini,lam0.7_top1,lam0.7_top10,lam0.7_sys,lam0.8_mean,lam0.8_median,lam0.8_p90,lam0.8_p99,lam0.8_max,lam0.8_gini,lam0.8_top1,lam0.8_top10,lam0.8_sys,lam0.9_mean,lam0.9_median,lam0.9_p90,lam0.9_p99,lam0.9_max,lam0.9_gini,lam0.9_top1,lam0.9_top10,lam0.9_sys,lam1.0_mean,lam1.0_median,lam1.0_p90,lam1.0_p99,lam1.0_max,lam1.0_gini,lam1.0_top1,lam1.0_top10,lam1.0_sys
0,1751,0.8469171608279166,0.8545073679109623,0.5765765765765766,0.3333333333333333,0.3028571428571429,0.1952835127657011,8.620352790702995,28.68936343091831,5.045425445058365,0.2222222222222222,0.2,0.1332529752266122,1.159765532734219,2.445276340312564,0.6853218618527821,29.50425,0.0011422044545973,0.0079954311821816,0.3807,28.376875,1.3969801588176582,198874.0,11.157774522301777,4.387009187897934,6.577914327386518,2.4975239044379185,1.374722271739112,0.7649316359303822,0.7822310083739294,0.4734731141986647,1.1305792577832383,0.5242521313766226,1.20292165353818,0.6261389881122783,5.90119050642046,1.4876341045452468,1.1582878097612568,0.6022577742613957,1.318905594543612,0.5985617335444192,7.178902274109434,1.5281309138427348,1.2471303448997373,0.7152933261538084,1.3969801588176582,0.5668062950717754,9.984266135183647,1.5506874226278666,1.3026613131774156,0.7742954074445012,1.4229751447264951,0.5466442657942101,12.436109670189827,1.5570005847076362,1.3612730653880645,0.8181919096364821,1.443731825021486,0.5325987235745075,15.59980666161011,1.560752042788419,1.115750249930016,0.6538033501179836,2.3075547752059613,9.314945165264191,23.618348709509124,0.5603633581797787,0.1237239238659555,0.4359789342285488,1.2328840849153089,1.1796426471542647,0.6872385269133904,2.4197637349284604,9.741228188452522,24.91809490411811,0.5633599841329792,0.1242496947975148,0.4385448538134898,1.3125187671040257,1.2471303448997373,0.7152933261538084,2.5533646421442158,10.095363659019393,26.31945459824245,0.5668062950717754,0.1249096536523749,0.4414001973342715,1.3969801588176582,1.31840383636501,0.7459460917120684,2.7008169929721126,10.832887364618838,27.82727672723213,0.5706329853870677,0.1260832363334155,0.4447139928704056,1.4865365140439772,1.3936637436313677,0.7775307959047051,2.891235263893285,11.580187333377824,29.44685066746014,0.5747759589444615,0.1277177261129136,0.4482939028264804,1.581470493055508,1.473121367781153,0.8127915504386749,3.0822198803495637,12.016470719258518,31.18396232090512,0.5791856669095551,0.1294056133725548,0.452109291044219,1.6820799506518789
1,1740,0.8614865062468385,0.8707073030022503,0.6415094339622641,0.3529411764705882,0.2528735632183908,0.1751580458334805,8.576970452027066,24.58821665830447,5.079597191819351,0.0588235294117647,0.1839080459770115,0.1157155427454549,1.1707583919728064,2.068239141979048,0.6867445409252474,28.1155,0.0,0.0126436781609195,0.3627806451612903,26.98325,1.3805011389560633,208332.0,10.95189565337196,3.4427914339924803,7.044589377829431,2.007722286787136,1.3828205852003654,0.6507044417852115,0.8490633748436502,0.3865728120792631,1.0675346379788262,0.6305144579581312,1.147595897270417,0.5650301362570218,5.547392079320345,1.463895132042869,1.1300466549545078,0.6493973228813383,1.287315348836526,0.5778428518987339,6.959923918140797,1.5271081139341287,1.232653616111168,0.7258909376361385,1.3805011389560633,0.5569838683900152,9.68119432832206,1.5580168452904533,1.29319992868068,0.7818043723908086,1.4109946836555851,0.542293621308982,12.074381456220236,1.5637456503546407,1.357071671030313,0.8204234503465491,1.4365705774960098,0.5322185921743722,15.205066462838404,1.5709073108320348,1.1034930641268783,0.650168323638564,2.3535853096708608,8.37556686883061,18.881353129783875,0.5507903881644748,0.1209628695549871,0.4184297175011758,1.218934946560554,1.1662842722410052,0.6896232158617542,2.4988095593441053,8.791787857670156,19.82112412877918,0.5536492918121594,0.1208612404109963,0.420139875325152,1.2973121716167078,1.232653616111168,0.7258909376361385,2.659927661940372,9.33860665854214,21.218247630616798,0.5569838683900152,0.1207794884374075,0.4224346388053178,1.3805011389560633,1.3027970465903995,0.7626074899462966,2.8234727421121666,9.97894313043748,22.86533004400573,0.5607268625754782,0.1207110576517295,0.4252610471711726,1.4687809618769234,1.3769205807361182,0.8033843904346615,3.013141699924862,10.61333477943704,24.626261184675545,0.5648161966618739,0.1207205839824892,0.4283705446903716,1.5624451902827676,1.455240730123074,0.8391797120112494,3.2598572198962623,11.18896130664396,26.508591504113284,0.569194520649307,0.1208078560033004,0.4319296040706795,1.6618024100772648
2,1748,0.8594701533885828,0.8644294885500556,0.6203703703703703,0.3529411764705882,0.3085714285714285,0.1885986704517312,8.928265251742797,28.154197357987677,5.238659918578818,0.2352941176470588,0.2057142857142857,0.1357928745195345,1.138276645803181,2.4264990124898675,0.6962353615311658,28.81275,0.0,0.0051487414187643,0.3717774193548387,27.43175,1.4131381227420494,201727.0,11.49605224847326,4.297666054406699,7.119869368667782,2.5735414094215745,1.3487651374023244,0.743529246187281,0.8271644477054394,0.442747060096204,1.1074714631267637,0.5858167006186231,1.19165870976442,0.6097150533517749,5.860665040806114,1.5005126835993865,1.1211232326016556,0.6290741073218352,1.3338507176690673,0.5869878468275379,7.3244132704555,1.5574171611506271,1.2267129638823586,0.7250805449816262,1.4131381227420494,0.5572894232093547,10.248123291073108,1.5724824010530016,1.287766613196369,0.7836155822466502,1.437189294043102,0.5413601146492367,12.655377921506927,1.573286219389881,1.34639090638018,0.8300575048362957,1.455782537237985,0.5285627164088169,15.80699517596077,1.575249724480083,1.0957747490568632,0.6587425303977983,2.263307952957539,7.887103038833241,22.219151779644843,0.550175612694208,0.1239734051340118,0.4254933374163228,1.24244698025654,1.159389383179137,0.6931985507835596,2.409709469108649,8.336910650753147,23.445137780192635,0.5534851099723793,0.1235052854600615,0.4269463533179781,1.3251486993815715,1.2267129638823586,0.7250805449816262,2.652288314984727,8.929800864401656,24.735061585320096,0.5572894232093547,0.1231001504476675,0.4287422730417692,1.4131381227420494,1.2979565151968622,0.7555882190021906,2.85621773769948,9.699116007266952,26.09080254994116,0.5614920406834044,0.122751925328092,0.4310055533913932,1.5067414425700472,1.3733423357502068,0.7901370005744306,3.0828316001775096,10.415340526792354,27.514385702061052,0.5660277324844334,0.1225477655543671,0.4335142889532157,1.6063037522625954,1.4531045812561296,0.8228460995901155,3.236260687651773,11.48902296860693,29.00799497610875,0.5708346133989445,0.122437498789108,0.4363541431187303,1.7121900829062449
3,1735,0.8568145581105769,0.8521154338309183,0.5963302752293578,0.2941176470588235,0.3160919540229885,0.1930724490270157,8.17625001632221,26.56649862407665,4.866398940824445,0.1764705882352941,0.2068965517241379,0.1355032689033072,1.12664074829937,2.3980943544833297,0.6817200921948492,28.62025,0.0005763688760806,0.0161383285302593,0.3692935483870967,27.17,1.384298836509361,209137.0,10.338423260315697,3.7373164031026023,6.576215096187367,2.1668149957656584,1.3034155895781956,0.7717257865414048,0.8349711221805313,0.4258282476596736,1.1156713050648506,0.5958319910747822,1.1806243765763202,0.600204814034809,5.684957911028212,1.4657011226922794,1.1158677407930289,0.62755102346437,1.3032392088821323,0.5716702766333281,7.040920094909496,1.5257157584757084,1.2138470763315838,0.7113456089831962,1.384298836509361,0.5543751869529744,9.437598479908829,1.548390861715538,1.2764967312981046,0.7573302328171876,1.4116136916741084,0.5401224911170078,11.773822325302271,1.5551634769247815,1.3355108826189137,0.8325634380455195,1.4333304289421167,0.5237261293544255,14.905220786123603,1.5595102947236248,1.0885343275102746,0.6411152040763594,2.337117724579464,7.276334482392729,21.666349665286116,0.548887149561624,0.1193830172303392,0.419870695109908,1.222704616802581,1.1494888578752926,0.6779071614470562,2.4306715041282208,7.999509682347243,22.82594823764597,0.5513798590245537,0.1192602616850863,0.4210525241471992,1.3011102670652166,1.2138470763315838,0.7113456089831962,2.565974068994456,8.951129221779095,24.04772301153788,0.5543751869529744,0.1192091767412121,0.4225211088202426,1.384298836509361,1.281791694424878,0.7447573536822107,2.707674423534589,9.965395923597017,25.33444394667244,0.5577989831454155,0.1192251908079953,0.4242706333396645,1.4725465845528405,1.3535149028622495,0.7760415948497837,2.899124351707345,11.043517158278789,26.688961496595336,0.5615854809437152,0.1193038827724185,0.4264894632804362,1.566145103464169,1.4292187824189646,0.8144639876182914,3.027069080302072,11.823183488147896,28.114208375989453,0.5656794375153168,0.1196631212968831,0.4290578783551164,1.665401990901474
4,1714,0.8425592895101318,0.8490594697927127,0.5405405405405406,0.5294117647058824,0.2865497076023391,0.1980534492006228,8.092420845220873,27.03126226940909,4.8210819496535775,0.2352941176470588,0.1871345029239766,0.1242934122007969,1.139348736618384,2.187243067656881,0.6692268915963978,27.49025,0.0005834305717619,0.0215869311551925,0.3547129032258064,26.314,1.3641540767260458,212230.0,10.330999657729713,4.0088516924213975,6.276115338908275,2.115396206711823,1.3320389814623896,0.7358226133729552,0.8158918567397403,0.456801565019291,1.098048692618131,0.6098157287391093,1.1152140109668065,0.5773870347045253,5.619939518378835,1.4445217328934288,1.1192466027832746,0.5796820715958618,1.270574063570485,0.5877317199746697,6.749581052992986,1.5184647007461172,1.2114908200854446,0.6968120671881584,1.3641540767260458,0.5521766432297757,9.396261736734411,1.543086386582618,1.2664120732599171,0.7595982796589683,1.3970691007135874,0.5369427515446522,11.653205993917632,1.5492751473148323,1.3319737118380504,0.8429727481417193,1.4240334927600082,0.5201009351478368,14.809866059258432,1.557134050433889,1.087107981280995,0.6411153487543957,2.283716861119585,6.702543372140442,28.1322364329544,0.5450989392469915,0.1207331027054497,0.4118915295324502,1.2058261303866165,1.1475752463205109,0.6652315275715577,2.414502290187563,7.132999986232962,30.045982664071317,0.5484076876427074,0.1215505787489115,0.4141042056385206,1.2825627858277369,1.2114908200854446,0.6968120671881584,2.5495907956244834,7.614861967203113,32.0823549507347,0.5521766432297757,0.1224220104107956,0.4170161923705511,1.3641540767260458,1.2790644215457865,0.7250796648314647,2.664613799261864,8.1292826283592,34.248427981904825,0.5563522959350305,0.1233438891120677,0.4203437812641826,1.4509313026325836,1.3505182258950612,0.7609782832778953,2.824147266787773,8.73209037564953,36.5516008817921,0.5608823182209215,0.1243127050253861,0.4239994056717335,1.5432478920233912,1.4260876109430618,0.7907871861233455,3.021443949011696,9.621763348702752,38.9996051830137,0.5657293836361695,0.1253249708845114,0.4280432557663701,1.641480861587315
5,1753,0.8553419160349957,0.8590087132622097,0.5350877192982456,0.3333333333333333,0.3085714285714285,0.1857612385911869,8.66232994978858,26.893231230942774,5.135965720559849,0.2222222222222222,0.1885714285714285,0.1282268245657706,1.1653642913264293,2.3326094514670155,0.7215759563957056,29.114,0.0,0.0154021677124928,0.3756645161290322,27.8525,1.4157101585218188,202067.0,11.147185805357932,3.927745254952084,7.057181103937634,2.1464654299638504,1.3851071727315836,0.7062889298264144,0.8765832348189816,0.4031605796550661,1.2121751000401415,0.6076584551888518,1.2127585838670163,0.6182066640645398,5.620274659872806,1.495777972719772,1.1667182206541395,0.6490353573363434,1.3396032445197388,0.5782178367992131,7.123940524394917,1.553636655469684,1.2452669834067889,0.749634185056693,1.4157101585218188,0.5494171100794872,9.910309501265194,1.5668084916772986,1.308105498743857,0.8034192239809821,1.4397401800661456,0.5332914642011065,12.274533479513408,1.5692271897159489,1.36536485449223,0.8559279686589137,1.4599897758891007,0.5211246524536668,15.534198917859838,1.5755310875663593,1.1116665088126525,0.6805151401700819,2.248606121214807,8.041777042021831,20.310601437325555,0.5422512502681538,0.1131717171739883,0.4199596732701839,1.244494723761821,1.1765727407396314,0.7158646777197367,2.4182521940933244,8.423058936926358,21.930618890642627,0.5456072818101078,0.112927567494933,0.4217695478173022,1.3274291519746988,1.2452669834067889,0.749634185056693,2.5757855552506945,9.032861422584542,23.68741770172,0.5494171100794872,0.1132902929856584,0.424104611767243,1.4157101585218188,1.3179724900086054,0.7908763730600725,2.746122304131925,9.87269121513833,25.59245877037831,0.5536093526123398,0.1140041492874436,0.4268749937307706,1.5096843643457265,1.394925653162944,0.8314329901842255,2.898268875881876,10.646295652945389,27.65824069771936,0.5581220720706083,0.115146285699087,0.4300642300830156,1.6097205008026252,1.476376735285822,0.8659647452391155,3.1011739026249754,11.400881146120016,29.898339949445063,0.5629053886782146,0.1163568346311375,0.433558682708884,1.716210727077767
6,1776,0.8620281556696463,0.8741009358896791,0.5545851528384279,0.3888888888888889,0.2808988764044944,0.1920984821153845,9.361841667085494,30.71891607147313,5.520404808878766,0.3333333333333333,0.1853932584269663,0.1317542940418583,1.133388922705619,2.373450531093485,0.6901585816475053,31.76325,0.000563063063063,0.0056306306306306,0.4098483870967742,30.568125,1.400360265957258,191521.0,11.852412360227111,4.9991646772420255,7.427755516838324,2.710441051311633,1.3283666226940856,0.7498555434821467,0.8139869802055092,0.4780614533784963,1.0744940713058655,0.592741301830686,1.1971375388287817,0.5948721500738333,6.011724115821314,1.4779210828333738,1.1279232804790276,0.6144653634121695,1.3259520090357264,0.5792101133437281,7.683035637600378,1.5368058095898356,1.2171768692183127,0.7240606515623936,1.400360265957258,0.5504957778190219,10.804887234949524,1.5601203031927118,1.2786225024711568,0.7641942938800189,1.4267777425921917,0.5348456827556809,13.283475642743714,1.5666672233457954,1.33586518406088,0.816279964496128,1.4463570004712754,0.5222217235265881,16.595855876483604,1.570981541205118,1.085855463277951,0.6500428137861025,2.239515173792576,8.687479878463288,23.75415551040373,0.5429882547552619,0.1280287203045902,0.4184244773894095,1.2348196488640035,1.1496324038312336,0.6820142730368449,2.3839407988458463,9.209615906192475,25.96586873354773,0.5465077442537378,0.1285049928842941,0.4208546281093415,1.3150057134842823,1.2171768692183127,0.7240606515623936,2.538848995289153,9.764267115579356,28.390187768530076,0.5504957778190219,0.1290337122224861,0.4238485352472608,1.400360265957258,1.288714227956375,0.7595303480086883,2.713967031512411,10.40383870831073,31.04604550961814,0.5548786562038792,0.1296087344513264,0.4272285487117769,1.491216383490032,1.3644824889556206,0.7896689981916172,2.877103728371729,11.202117075497446,33.95393347222092,0.5595895583437549,0.1303310335884851,0.4309628110086833,1.587926794989433,1.4447329780292142,0.8205630208202586,3.071509379748739,11.7889140008113,37.13601566403104,0.5645738170562714,0.1312596994381195,0.4349476548419271,1.6908649592760534
7,1517,0.8367939287965165,0.8390040061118065,0.4757281553398058,0.3333333333333333,0.3026315789473684,0.2014419791873652,7.063322048607266,20.932096189137933,4.027952366143119,0.1333333333333333,0.1710526315789473,0.1311138317774196,1.1179880797195896,1.9819058018609808,0.6566719602102772,23.51525,0.003295978905735,0.056690837178642,0.3034225806451613,22.31175,1.32748944790171,253442.0,8.68606329170839,2.1121829342471083,5.102709997689272,0.9284636080051796,1.2785729850552687,0.5887264476683514,0.7675478751663616,0.3030863983274455,1.4590990494059577,0.5701921672311466,1.0269349204288931,0.7029030497316031,5.183366891780731,1.4045907930276416,1.4711271520418128,0.5969962137778081,1.1906809858564371,0.6863339835279036,6.275944153853803,1.4929932476840768,1.1857574989251436,0.6928411110443796,1.32748944790171,0.5725261003441146,8.151248299578358,1.5524725261092742,1.24245222575377,0.730540466370527,1.3825434786507351,0.5568893084150768,10.027770322198649,1.5670394576017794,1.3143311515857865,0.7746504372910386,1.4215013699623873,0.5422958863775605,12.908244894356216,1.574730681754084,1.062074689541598,0.6232555587634029,2.281286609300272,7.548182589622465,29.200618573015767,0.564805358133423,0.1267487475451474,0.4227295495565017,1.1696018790012896,1.1220494522855164,0.6544208273198324,2.385125057010304,7.891081102127279,30.8609275183217,0.5684291245408664,0.1272831433640973,0.4251244109355795,1.2459704644127114,1.1857574989251436,0.6928411110443796,2.5494931976558086,8.21518758773493,32.614038256741935,0.5725261003441146,0.1279353191095508,0.4280313173190315,1.32748944790171,1.2534338142937422,0.7201504386326494,2.724614675468544,8.602096526858158,34.464094076403136,0.5770412721025663,0.1286285455191394,0.4315578247502838,1.4144995233181143,1.3253270525756655,0.7560498811429455,2.899174999075616,9.55461999397622,36.41533561375394,0.5819188589569035,0.1296373519376806,0.4356667745686653,1.5073626593049965,1.4017003021203245,0.7830641709713932,3.0726649617173063,10.14476571143469,38.472101910202056,0.5871057765439378,0.1313802309549261,0.4401355797961138,1.6064633868769465
8,1757,0.8674322666663045,0.8739991447870585,0.543859649122807,0.4444444444444444,0.2613636363636363,0.1799068064678555,9.111819606350398,27.268229057254946,5.493644543534705,0.1666666666666666,0.1420454545454545,0.1181458894720801,1.174706348215678,2.146933644023215,0.7001221184281113,31.09125,0.0,0.0079681274900398,0.4011774193548387,29.85675,1.3853138411488923,194320.0,11.572624434412916,4.464337764995595,7.442060717262183,2.7169574309727453,1.3871058419510294,0.7260044968116431,0.869004174421373,0.4561573450346149,1.0983237785920343,0.606399233075577,1.182045130676354,0.5885963961395116,5.74353023505075,1.4689547098282392,1.1374980466337854,0.6475609657779466,1.3083507755229704,0.5692209460669623,7.219515707071144,1.5286626490248705,1.241107757149602,0.7302372064499595,1.3853138411488923,0.5470032797797469,10.3518703372033,1.5462242780299411,1.2951438026941398,0.7924965069795971,1.410868016183812,0.5333773913336886,12.802970426296126,1.5532857138750165,1.3526332987457053,0.8425841384494941,1.434787499615004,0.5213731458624642,15.95680192635999,1.5599841848850542,1.1092018124112832,0.6688063694119692,2.3173882820112373,6.797547811244967,24.02853788722644,0.5408212848096966,0.1186758192762637,0.4081250812718981,1.2231497877256885,1.1733511558940464,0.698326781546404,2.451304102754668,7.113075036819745,25.674148029258976,0.5436642202811218,0.1181878968708159,0.4088766815484234,1.301814925203295,1.241107757149602,0.7302372064499595,2.634885040676833,7.442946307321169,27.415872052314747,0.5470032797797469,0.1177324735179237,0.4103993474443159,1.3853138411488923,1.3126702247032895,0.7682984506084428,2.789567083577156,7.787556036216131,29.258308383569407,0.5507637598398177,0.1173053896318161,0.4126405577459459,1.4739325569593198,1.388247442775652,0.8076103892619916,2.993142909072064,8.46434890208416,31.206204251634336,0.5548748545221194,0.1170567818777434,0.4153405990257738,1.5679727696053525,1.4680590365336037,0.8363707696270748,3.1928139668131346,9.345834240216016,33.26445979989172,0.5592781114564372,0.1174958436348907,0.4184669417664995,1.6677525761004994
9,1770,0.8670652280811006,0.8704579171146009,0.5874439461883408,0.3888888888888889,0.3163841807909605,0.1847104584974437,9.0975251159045,28.85565347931849,5.155892336498971,0.2222222222222222,0.1977401129943503,0.1255126048557597,1.1649075638027122,2.340740609702154,0.6985526914924978,29.785875,0.0,0.0073446327683615,0.3843338709677419,28.882,1.412849528635354,193569.0,11.54538905446058,5.21718501821269,6.964058082790865,2.670926124225245,1.3513501328431896,0.830722081943182,0.8312306062375954,0.4716395212232039,1.143217940035691,0.6294196075699396,1.215873698863237,0.5919162676289268,5.989905975800527,1.4878932122870236,1.1332182018395691,0.626319011761385,1.345541233493404,0.5824893151768507,7.412882380057587,1.541719148144499,1.243296433529342,0.7254021607001957,1.412849528635354,0.5545968471041058,10.414733673465436,1.5571953541167272,1.3059598644656951,0.7542619120314087,1.437558755171326,0.5436042702156645,12.92828630745259,1.5640098412335166,1.3643326553687434,0.8093349108913579,1.456658969137323,0.5332198586372049,16.049653163484233,1.5686213036304286,1.1102341776916411,0.6604022688285301,2.322378328802377,8.056011731964642,40.33484467918406,0.5476498760674707,0.1287869381829242,0.4166925741595634,1.243810731815215,1.1748283335754477,0.6942270592966808,2.4475459102260477,8.680832957214966,42.52841297112906,0.5508702291182207,0.1288947063586794,0.4182201300931081,1.325641722876602,1.243296433529342,0.7254021607001957,2.5891482291974364,9.310413300969046,44.82884589361785,0.5545968471041058,0.1290698085975796,0.4203984531460097,1.412849528635354,1.315873863985286,0.7571255762362481,2.7523466508459875,9.870382320297509,47.24054427261704,0.5587417970474716,0.1293529261158314,0.423028720858745,1.5057847047771322,1.3928109429820188,0.7861856673059957,2.925484593349168,10.207512924972006,49.768052477648446,0.5632403971203078,0.1298727629015701,0.4260484341410806,1.6048214133451495,1.4743740977979292,0.8189218731787491,3.169964768148501,11.01951147111058,52.41606157986161,0.5680387158393181,0.1304381773818894,0.4293376550641333,1.7103592872638336
10,1769,0.8608346501724016,0.8718743432585269,0.5733333333333334,0.3888888888888889,0.2994350282485876,0.1847062714240216,9.253940100623687,29.33318963281593,5.3895669994551305,0.2222222222222222,0.2033898305084746,0.1285365088441088,1.1673972558921797,2.4091344412981317,0.7128911289654695,31.12825,0.0,0.0028264556246466,0.4016548387096774,29.56625,1.42547661227839,191739.0,11.925583816386132,4.531755827922238,7.720008164610242,2.530749191616534,1.379504780502621,0.7661574312781613,0.8434454764750856,0.4304377295138559,1.099864777398825,0.6152289566207703,1.245391109959302,0.5779802860488472,6.291762590272981,1.513699559495029,1.146861038413976,0.6227215129915604,1.3583007711497452,0.5830296840009073,7.632707944498626,1.5529707749107389,1.2502265311199363,0.7422016661406522,1.42547661227839,0.5546128998595397,10.59331344420689,1.56737800960204,1.3131785600386017,0.792106008682374,1.4487968092690051,0.5421401704870829,13.144677182401855,1.5723839314577093,1.3646751086293367,0.8393487305548664,1.4671214391548733,0.5285211652576696,16.454369228230057,1.5758968005590397,1.1146438939565784,0.6750786969624148,2.2810551798158145,6.920987376557891,35.082857222712846,0.5468846926761185,0.1285074091097362,0.4231412551066019,1.2519684565787697,1.1803907503613056,0.7029857954339329,2.413578057114344,7.29124628908753,36.45730597232959,0.5505091745205337,0.1285312118423824,0.4257374957495726,1.3358177354734646,1.2502265311199363,0.7422016661406522,2.560939492373456,8.18376637033454,37.89428140509463,0.5546128998595397,0.1288045853805309,0.428767201598005,1.42547661227839,1.3244221958153704,0.7798448070141998,2.7016985763441483,9.122096258067437,39.39601031229343,0.5591384539714002,0.1295365048880492,0.4322297587338611,1.5213577263443627,1.4032655032952577,0.808085928900032,2.8626722378352523,10.043002777772609,40.96477494232085,0.5640338944668488,0.1304128435842542,0.4360618802117488,1.6239002940647358,1.4870618170491583,0.8440500406634583,3.0681322582547064,11.067764450314016,42.602914452101615,0.5692543255651085,0.1312805115681182,0.4402282427694966,1.7335713905753778
11,1693,0.8502011335585755,0.8546101648483271,0.5868544600938967,0.3529411764705882,0.2958579881656805,0.2022546649428024,7.643466803759459,26.1032756265828,4.237395036421466,0.1764705882352941,0.1893491124260355,0.1250046430264092,1.12955043938659,2.173683836498865,0.6471954957438604,25.01975,0.002362669816893,0.0318960425280567,0.3228354838709677,23.51725,1.397044819787364,225357.0,10.238590836054035,2.816851043506729,6.008004084032561,1.5919235466536614,1.3629243755090863,0.6176470642924718,0.8087699853191307,0.360254237032059,1.1371021805831805,0.5967097278525569,1.1351251761938823,0.5934166284156683,5.701096659401907,1.4697709765628992,1.139326401683306,0.596306071971719,1.2878394576024557,0.5852368165484092,6.860791248248604,1.5505388221041845,1.201708506404981,0.6703562953113621,1.397044819787364,0.5716238693186287,8.919188972850026,1.5765490635868755,1.2823660815449796,0.7417627264737282,1.4318706111264503,0.5483222524007725,11.225677865556229,1.5784445876402569,1.3433633488747414,0.8068968124370264,1.4572878399157645,0.533383559432202,14.403905884038837,1.5820125624136674,1.0732186536717756,0.6117057512780878,2.3377418124739378,7.866344846134062,27.449870724019355,0.5624537559667034,0.1237207210640617,0.4232421856097998,1.2262436078997376,1.13553488927857,0.6440564406849932,2.4928972689287696,8.490973605931202,28.78677517664472,0.5667905737229315,0.1236663435939732,0.4267321581858515,1.3088206683590389,1.201708506404981,0.6703562953113621,2.646632265190189,8.959110480012539,30.197362013055294,0.5716238693186287,0.1237627993894527,0.4307320367625393,1.397044819787364,1.2719773592945252,0.6969122835050098,2.777322237307898,9.427539476448343,31.68436587948008,0.5768759741475018,0.1238860384349041,0.4354309715906863,1.4912852708787638,1.3465929001248351,0.7265785834584596,2.921348994304883,10.317092817387332,33.25065931930059,0.582474171831465,0.124397194904188,0.4406657554586721,1.5919328912976345,1.42582090965956,0.7561652359751735,3.1576699420009104,11.174769773344453,34.899254947278884,0.5883628188552651,0.1255339984727556,0.4462836231576875,1.6994014104190365
12,1672,0.8591921106080393,0.8537207971818714,0.5251141552511416,0.4705882352941176,0.3053892215568862,0.2001422283774189,7.651435935198963,25.445643594878764,4.348350020469499,0.1176470588235294,0.2035928143712574,0.1287236129302168,1.1268520280573626,2.212654976698968,0.6614410464203334,24.931875,0.0005980861244019,0.0215311004784689,0.3217016129032258,23.82275,1.398235365118634,226108.0,9.872206098516967,2.8124951644108185,5.971195373152614,1.4251927714443935,1.3228082984256109,0.6492809483508694,0.8018853245671378,0.3523309917457236,1.1600483133879005,0.598593138373422,1.1744606579049923,0.6205754075201192,5.400774548773358,1.4719653130948205,1.172904506464845,0.6174663829929267,1.3044786312302807,0.5963615640262983,6.746319417259184,1.544232639751036,1.2028322583151785,0.7012932766396942,1.398235365118634,0.5640077738446858,8.89660477262871,1.5682786694607485,1.2760591100539134,0.7593194820206919,1.428148751472054,0.5443511140824246,11.073321997008412,1.569893168919757,1.348965187785346,0.8295205830281988,1.4504043199058878,0.5252536807486058,14.133085842027128,1.5736236663237777,1.0761697685062217,0.6442681142821325,2.254878888574269,7.644786236370657,20.42341297670193,0.5560461534850683,0.1149896503299865,0.4189623498811158,1.2265918385140415,1.1376511764529136,0.6669715845039219,2.3781285137232637,8.003930334131605,21.52297381666593,0.5597859715697155,0.1151216093260915,0.4214036909357299,1.309558142991566,1.2028322583151785,0.7012932766396942,2.496914128494879,8.65697930336195,22.702990707379,0.5640077738446858,0.1154107374307992,0.4245691603022906,1.398235365118634,1.271935268045315,0.7310832167248273,2.637129586727557,9.153878488119563,23.9662961444106,0.5686305864202155,0.1160788062268692,0.4282301291101617,1.493012468968463,1.3451955585902475,0.75974741853575,2.809273302186554,9.574560608738588,25.315764868388943,0.5735950602564657,0.1167727179597631,0.4322118004997438,1.5943034196015813,1.4228622442302887,0.7915476645454128,2.980896521276367,10.605552854869591,26.754314189075764,0.5788604022850764,0.1174862410697101,0.4365108536088437,1.702548520424524
13,1682,0.8404795909184741,0.8447259809895488,0.5774647887323944,0.3529411764705882,0.3333333333333333,0.2087628776212527,7.948334226105432,27.297477967000457,4.763354672319055,0.2352941176470588,0.2202380952380952,0.1358253088672353,1.090886183458361,2.231815980608436,0.652006318239174,26.58475,0.0017835909631391,0.0267538644470868,0.3430290322580645,25.231,1.3571766352137669,223756.0,10.00551073144712,3.5182750492909376,6.27614665505833,1.6860975968456977,1.2627791863527804,0.6839338051868744,0.8000299017504586,0.4034006121987355,1.1288245692851722,0.5624802459963617,1.120157529734353,0.6117944520588883,5.630504425702683,1.4485675553981716,1.1296748080512,0.6188133530571357,1.2534608829990206,0.5962239123401649,6.878886202867492,1.5172453372905674,1.172284266489282,0.7069041684177231,1.3571766352137669,0.5535600356843371,9.32877254293504,1.551413428635232,1.2400496436472064,0.760628465494735,1.3956177252364992,0.5390909142176189,11.538413194665646,1.5594340257032964,1.3133262763601736,0.8323088031064116,1.4274434052121974,0.5227029736400088,14.72350846024944,1.5674857713445944,1.0524160845377553,0.6389675374977828,2.1763248666497805,7.824314580824532,26.576651452416908,0.5469642374054543,0.1199847988803451,0.4174046578921462,1.1978943502931436,1.110663186008732,0.6741044652436774,2.266167534871136,8.480528150812564,28.114622292364427,0.550023088599898,0.1204010317154516,0.4194260138281063,1.2750483272535371,1.172284266489282,0.7069041684177231,2.4301861973898613,9.279583661745365,29.73833183397237,0.5535600356843371,0.1210045294605367,0.4218428001101508,1.3571766352137669,1.237479907087456,0.7407373901588357,2.5660122187683925,9.84978980236946,31.451524628475283,0.5575135158128607,0.1217671545845292,0.4247551024550088,1.4445988330178228,1.3064623296365545,0.7667939646222657,2.733221154336203,10.1611191873191,33.25802145245274,0.5618211382556051,0.1227462194327902,0.4279617973773926,1.537654081955313,1.3794560370569204,0.8038830238154557,2.918788677441309,10.538505016704391,35.1617199611302,0.5664322772848895,0.1237704793910594,0.4314176296216229,1.6367022837937872
14,1755,0.8445601121462679,0.8509100755053647,0.57847533632287,0.5555555555555556,0.3181818181818182,0.204500690577179,8.640217731910905,30.26329209940674,5.247832775554004,0.3888888888888889,0.2045454545454545,0.1357593389768747,1.136171118082106,2.431729568133201,0.7130905582732251,29.0785,0.0005698005698005,0.0091168091168091,0.3752064516129032,27.701,1.3953679142486088,204189.0,11.099782632259176,4.251069577797941,6.890382239856224,2.4957416522728715,1.316483317009313,0.7982494054647941,0.8221492463779891,0.4874478588082359,1.0941907161905156,0.5908942066063938,1.189787904490534,0.585741029864702,5.969909911552201,1.4682307805467043,1.100026020873762,0.6197329130117032,1.3117631558868803,0.5734973696717552,7.255258038737522,1.5355931427948144,1.224756311247993,0.7454361407243348,1.3953679142486088,0.5434525005755206,10.11871854336361,1.5584336150595115,1.2862756698999067,0.7867947508071198,1.4202364191311745,0.5312371812796375,12.529367806988464,1.5606680671743125,1.338751818709716,0.8240338730137758,1.440088895573826,0.5175226249690856,15.777139024321812,1.5635079733909716,1.094182169609065,0.6733733243829169,2.3545860789356863,6.774596652239463,33.50261683674511,0.5360723720782965,0.1135202321611217,0.4063815095005976,1.2286012310711707,1.157527325248447,0.7075949987714728,2.5023786997299737,7.058483553484075,34.80520602367664,0.5395007572233292,0.1134270090217424,0.4087357513025147,1.3092868505867816,1.224756311247993,0.7454361407243348,2.6975471267222253,7.728215503189737,36.16261521004166,0.5434525005755206,0.1136273713911512,0.4115293082883068,1.3953679142486088,1.296116009585678,0.7752701643001192,2.91002395207889,8.483630042714147,37.57751822341589,0.547844034208483,0.114115078549987,0.4148403258369892,1.4872147258834028,1.371868901114608,0.8125025133858248,3.0493865329234526,9.17344034516636,39.05271859090356,0.5526151462659561,0.1146980024382263,0.4186162789929989,1.5852224864135114,1.4522940449917603,0.8482580023483941,3.2792427022318704,9.877066614215847,40.59115579564536,0.5577088475107947,0.1155301114705455,0.422852117944783,1.6898129570643452
15,1759,0.8518333494844064,0.8656800564819241,0.5644444444444444,0.5,0.2784090909090909,0.1864079546650951,8.873934161978598,27.769730004275107,5.283811178897716,0.2777777777777778,0.1988636363636363,0.1269235836390836,1.1617311879797212,2.306712264581829,0.698799334850116,29.4555,0.0,0.0085275724843661,0.3800709677419355,28.1655,1.4016403487333984,200564.0,11.203605617049064,4.175824571305891,6.916316651070407,2.5545320468029318,1.365702508115082,0.7035267200833818,0.8310789424004414,0.4611736721605076,1.1263318511511464,0.5820245996800504,1.2094174129263588,0.6013039233145232,5.787490966646151,1.483457030121993,1.1300182781948942,0.6175669952684416,1.3282385814879183,0.5814791088302488,7.268549126040041,1.5420613508818772,1.239842460971338,0.7320728489336993,1.4016403487333984,0.5470947797083178,10.163016311538335,1.555717143155159,1.3090575831814089,0.783589518866817,1.425517587288714,0.5353446812975992,12.69423701760588,1.5594288429288752,1.3594592977539404,0.8441821178256964,1.4455228455406104,0.5227417379560964,15.834023187934978,1.5646302008091066,1.109160018642246,0.6606202367345424,2.2806267283501778,7.776741833477542,30.879943376237545,0.5400333121915981,0.1258504846756269,0.4182662130129049,1.2366113254174926,1.1727006567328142,0.6961353815920043,2.450427482562181,8.200061561683398,32.808686546479706,0.5433204526775062,0.1262307437354707,0.4202774785128646,1.3166467037501617,1.239842460971338,0.7320728489336993,2.628479073093458,8.560331930478071,34.84854267808669,0.5470947797083178,0.1266724949650149,0.4227494475306684,1.4016403487333984,1.3107797150146736,0.7626822121443764,2.7740114526101314,8.93901755423089,37.004653007435614,0.5512708116851218,0.1271702043505596,0.4258130901455827,1.4918802709125036,1.38571567380182,0.8019445831575084,2.94146535702277,9.572484401704916,39.28231256457656,0.5557738521624965,0.1277233070485145,0.4293145421773762,1.5876688064417013,1.4648629320329156,0.832056214126156,3.169224887035013,10.1808981105667,41.68697480093956,0.5605472500449965,0.1285267754394548,0.433093106509381,1.6893232370259803
16,1703,0.8594803187416274,0.8535509142826652,0.5315315315315315,0.5294117647058824,0.3235294117647059,0.2040969292427636,7.85144928766384,26.799971738181576,4.259090000271291,0.1764705882352941,0.2176470588235294,0.1291657639801058,1.106345538213087,2.184293166190468,0.6682926024006585,25.6095,0.0017615971814445,0.0223135642982971,0.3304451612903226,24.38675,1.3621321795142003,218020.0,10.21999030859276,3.3311277945559743,6.293178773538191,1.6159391341121263,1.311511709630368,0.6585482259912412,0.8143267751945202,0.3888553972696513,1.1167681500013262,0.5706513894185512,1.1058074392046326,0.6053293627719765,5.886369473268027,1.4514335687510198,1.119998263060699,0.6298973536351453,1.2595589545852903,0.5769858512161035,6.980915910259785,1.5220919620222069,1.1816689485062803,0.7002066412709242,1.3621321795142003,0.5563371711647294,9.175509282738185,1.5472712455196684,1.2571820185348124,0.7567643009972088,1.3951293662981832,0.536814114529766,11.52602564288233,1.5541888650640812,1.3281816798555357,0.82433047559441,1.422947106534771,0.5212330081857792,14.74919063725784,1.559977233832592,1.0597942138054928,0.6427245004078849,2.200391293122117,7.319901832344225,25.83603570376248,0.549136838882139,0.1162830830740032,0.4139845000160074,1.2023648257703836,1.1189784197352948,0.6728973896541047,2.3573345845231084,7.761020721249829,27.246324048667965,0.5524730696867017,0.1157721812068847,0.415837634340245,1.279738015463898,1.1816689485062803,0.7002066412709242,2.5046469229260944,8.550405091181704,28.73212780346031,0.5563371711647294,0.1152556231437645,0.4184379311315568,1.3621321795142003,1.2480754218162076,0.7367405894442313,2.692848112186097,9.143191541930404,30.2953671307942,0.5606476589228322,0.1153585467650908,0.4213856534107361,1.4498668736807427,1.3184195490859203,0.7656046639695142,2.8712161364381013,9.679413030585096,31.937964637454083,0.5653371281707671,0.1155838002965429,0.4247081226128731,1.543280716155437,1.392935791231376,0.7918176235088811,3.046275209251976,10.242515783389331,33.66184537435369,0.5703425800055038,0.1158868758987775,0.428358235829074,1.6427324241604249
17,1665,0.8394091345957168,0.8353328340952283,0.5441860465116279,0.3529411764705882,0.3192771084337349,0.2070705094340709,7.451649555162883,25.054361618943872,4.173043385178708,0.1764705882352941,0.2108433734939759,0.136245506044149,1.120257828353404,2.275082194444741,0.6449004188059554,24.77225,0.0018018018018018,0.0366366366366366,0.319641935483871,22.85975,1.346134318209383,238992.0,9.385854480627842,3.180208797423609,5.539570030352158,1.3168555079701825,1.2960462459796367,0.7260697825741872,0.7825127953485824,0.3468843708125881,1.072345486417532,0.5478315550440916,1.078578155803101,0.6066331912678836,5.639808712404943,1.4401781390441375,1.1746250561741918,0.6143779259206723,1.22064907862142,0.596131526484135,6.745081412208722,1.510716039425476,1.2034884132969237,0.6763001141454318,1.346134318209383,0.5732202389883176,8.72031348768764,1.5577000275721402,1.248854073015568,0.7342986269610999,1.3894877009571014,0.5439949855022753,10.903762299276908,1.5668757565756966,1.3218855626336363,0.8082169573768588,1.4217080046350743,0.5277413371701678,13.989770060993951,1.5749097500277258,1.0790078530850975,0.6184584787745906,2.189669956158902,7.555738119409978,44.62885032431711,0.5649528092139725,0.1375355640368433,0.4309224704206576,1.188069821578397,1.13942137614883,0.6472572411514069,2.36691617418283,7.890386575079483,45.93682558424138,0.56888071043741,0.1373516248148837,0.4334313585017947,1.2645646989638677,1.2034884132969237,0.6763001141454318,2.533111212902192,8.322154859459992,47.26849089500647,0.5732202389883176,0.1371699313701942,0.4364538007783796,1.346134318209383,1.2714348133579976,0.7044136114855584,2.719278738848136,8.849137269177923,48.62384625661238,0.5779107453460458,0.1369861914233133,0.4398487678825366,1.4331188376206183,1.3435002660513955,0.7289981868655013,2.902352217518957,9.376685348055757,50.0028916690591,0.5828964485252054,0.1368502339744195,0.4437539583130599,1.5258807105951977,1.419939073444364,0.7559713768374585,3.0761701738735328,9.908373517543088,51.40562713234665,0.5881368245835307,0.1367478072625552,0.448084896574508,1.6248060425569366
18,1671,0.8536521618470869,0.8566432405819028,0.5462962962962963,0.5882352941176471,0.311377245508982,0.2059922399139934,7.91685570173519,26.786970406328034,4.28877569828656,0.2352941176470588,0.1916167664670658,0.1303260616774563,1.114767512139853,2.1787323147248894,0.6580477900109589,26.345,0.0011968880909634,0.0233393177737881,0.3399354838709677,24.756125,1.3597926049983438,224264.0,10.14678363044544,3.0081899232474205,5.843300215478751,1.6412851569030755,1.2892682319685986,0.6975134295951548,0.8075111163770589,0.3733164261031688,1.0624716027476744,0.5707476293935818,1.1016747858211435,0.5832325613466707,5.770907757795588,1.4346622698844582,1.0795211822408066,0.6099638066552192,1.2480770719182264,0.5660704120505167,7.043581752493061,1.516134283875665,1.190537596824245,0.697916180725374,1.3597926049983438,0.5552803402528576,9.260687927855209,1.554299872182207,1.2499635209588562,0.7776024189021207,1.3987153360093405,0.5389449811928575,11.505260426326736,1.5626944631443789,1.3120508205419497,0.8244026657523398,1.427037780478903,0.5290062162550003,14.58131080034833,1.5663940025301488,1.0669934747689895,0.6364706776409933,2.4077267348404514,6.123878014865436,25.647767043891303,0.5488985843953134,0.1126994211210071,0.4067757388884148,1.199326122269632,1.1270595073230216,0.6629296853086625,2.559340187775727,6.652913233710468,25.802291328957416,0.5518536147427889,0.111696086201121,0.4083634930758267,1.2771312742586294,1.190537596824245,0.697916180725374,2.720002626810764,7.046542063434416,25.95752546724417,0.5552803402528576,0.1109380605600969,0.4104972351005572,1.3597926049983438,1.2576236634877052,0.7327659239195786,2.876931533378256,7.600341884380677,27.72906317766728,0.5591045763856995,0.1103860953849669,0.4130324370278758,1.447619071364707,1.3285256900755478,0.767576300412618,3.04187020856791,7.960993551340773,29.96869709899945,0.5632638922615444,0.1101664085297609,0.4158117068413383,1.5409403770183665,1.4034644530883629,0.7987256159011691,3.251228038536329,8.396948030868115,32.4102474363409,0.5677121583289794,0.1101993799538125,0.4189547377173655,1.6401082984483282
19,1649,0.8455643057868398,0.8540359839776538,0.5942028985507246,0.4375,0.3151515151515151,0.2153844662979374,7.59395281426885,26.56143962992368,4.084888538087543,0.1875,0.2121212121212121,0.13569511934299,1.1001783858967955,2.200830569663124,0.6557265609935129,24.788,0.0012128562765312,0.0260764099454214,0.3198451612903226,23.09225,1.3589982057862091,233933.0,9.690054984668963,3.357552181202464,5.824941851221165,1.6673850959742351,1.288250679239723,0.6442289117351994,0.7916460108812265,0.353011717657165,1.1121317996572098,0.6561499205446171,1.114925065267648,0.5679920380386887,5.690446470147971,1.4363522320012907,1.1025644236195546,0.6183611850456873,1.245771672672243,0.5808486031522669,6.850769462140178,1.5132627876327354,1.1802743604583232,0.6900342619083699,1.3589982057862091,0.5665053210174359,8.974242940332271,1.5521844565353384,1.251969659488722,0.7426810314154318,1.3991625866608333,0.549974059122679,11.123517331741926,1.556973954498631,1.3188284331012123,0.814351410400157,1.4281538602995982,0.532220591688193,14.182813602933278,1.5613789803387548,1.0598891743079688,0.6276846338186511,2.2551394805070197,7.028018362055937,21.106831864425384,0.559951167941771,0.1197466622858882,0.4205816768921757,1.201589063167635,1.1184347311777267,0.6607427279420158,2.34163746190039,7.311180911978558,21.92042716279493,0.5630245394928683,0.1190678962265003,0.4223164483381348,1.277939488146436,1.1802743604583232,0.6900342619083699,2.480800017921438,7.62149492969916,22.769822121399383,0.5665053210174359,0.1184142258235253,0.4243878098930066,1.3589982057862091,1.2455897121683208,0.7186394711482061,2.652463766968441,8.22852873909963,23.65599204505841,0.5703249911485807,0.1177845759707422,0.4268494598628194,1.4450469959741428,1.314572279023701,0.745643789008483,2.79108022770514,8.862951321166548,24.57992917144432,0.5744221619470831,0.1172901858731006,0.42979280801804,1.536383608601713,1.387423859241528,0.7744340606814256,2.9761320248438183,9.313391347831107,25.54264271479675,0.5787544277398126,0.1171056309479001,0.4330563299747967,1.633322531449616
20,1776,0.8638949321254572,0.8721276442512611,0.6330275229357798,0.3333333333333333,0.2865168539325842,0.1882692207973144,9.398454098116886,30.35283653460881,5.7926302905590505,0.2222222222222222,0.2191011235955056,0.1298927714290962,1.1735886585429527,2.439515924301367,0.7142072780560648,31.89625,0.0,0.0073198198198198,0.4115645161290323,30.54125,1.4173148501995785,191629.0,11.69818652956279,5.437225649018721,7.556051251981938,2.8385324902857034,1.354240416036758,0.8324887266362306,0.8517745663087313,0.4929491863231202,1.1383340312281491,0.6379321815698467,1.2330314969233576,0.5915061877052071,6.194645322145719,1.4944699646993584,1.150142781002605,0.6602112984246538,1.3477921576761198,0.5688716591214893,7.637422013075851,1.5406000574883236,1.2584114877238373,0.7589475820209027,1.4173148501995785,0.5427419289036898,10.80249211047192,1.561297687841645,1.318705800989057,0.8007731773557332,1.439549276646636,0.5309409239674933,13.282821357703469,1.5626848656121726,1.3665604024467202,0.8460696698325106,1.4565677803766286,0.5212286854403929,16.370994690493642,1.5662943806107936,1.1214105591645505,0.6944042559325398,2.2155669523983925,8.228032711474818,25.21578228641864,0.5350115664845096,0.1136251175019395,0.4065142754304009,1.2491228873328537,1.187992936926046,0.7301965002782935,2.344684424611211,8.664387298599284,26.276713732951556,0.5386757677782236,0.1139345816907948,0.4092713074876745,1.3306599141781463,1.2584114877238373,0.7589475820209027,2.4926202867656304,9.214653656649697,27.389746696751065,0.5427419289036898,0.1143477721318995,0.4124883861987309,1.4173148501995785,1.3328873316041463,0.7902490886356341,2.649946818836213,9.812657325978316,28.557363681558734,0.5471328537855985,0.1149825320585942,0.4160596177611297,1.5094028508315394,1.411654870719269,0.8277987285147705,2.832581114730199,10.23780517518817,29.782179625898383,0.5517963385671545,0.1157112238947891,0.4198970926580653,1.607258861076514,1.4949625849127293,0.8642283008640113,3.0432018127185527,10.671018827171356,31.066949731028288,0.5566881695570519,0.1164721275673964,0.4239352933247871,1.7112388316257214
21,1628,0.8609000455240031,0.8539752493418113,0.4618834080717489,0.375,0.3312883435582822,0.2179866521593821,7.363091619886521,26.26460538623216,4.209577816847635,0.125,0.1840490797546012,0.1339854551282351,1.095558843039975,2.1690178116277457,0.6609000126215493,24.7925,0.0018427518427518,0.0331695331695331,0.3199032258064516,23.268875,1.3636133933947523,230706.0,9.41407600043412,2.5368935948948987,6.011999366631885,1.4499734469395251,1.2933545043585384,0.5626772749539793,0.8125668210773761,0.3055156654130391,1.0755353526631766,0.5725755804542697,1.1022530590821586,0.6027933146130725,5.426897066019061,1.4371769184268806,1.1430548513914491,0.6510561901744714,1.2467099257342058,0.5754388968563621,6.621560086822194,1.5100449770647353,1.1733648370776633,0.6892161316135536,1.3636133933947523,0.5600030802021692,8.733103059953342,1.556546067615945,1.241895486079794,0.7456826505716732,1.4061765790191914,0.5478413357048247,10.651678641327353,1.5611593550173677,1.319201427399285,0.8181049662129949,1.4362643647771671,0.5323898578876435,13.758916481340686,1.5661680920210457,1.0506664841436515,0.6386540491371564,2.209595857075025,7.101269906247147,23.800601323663304,0.5519355802094581,0.1134416679348715,0.4107084108678834,1.2001762090911428,1.1102261932482511,0.6606986302233399,2.3477446999107565,7.637542882459532,25.598629583985183,0.5557280250710791,0.1134031847288983,0.4130470627577856,1.2792053699362569,1.1733648370776633,0.6892161316135536,2.493289114276835,8.250568529722074,27.540153544593323,0.5600030802021692,0.1134588690721137,0.4157858566850114,1.3636133933947523,1.2403039831058753,0.7200998923748707,2.6922582445619723,9.033263306920745,29.6352199183096,0.5646835711987339,0.1138580600585369,0.4190312813642114,1.453770001917824,1.3112779695538428,0.7489614900843757,2.887745841724092,9.841304155127856,31.89446188924947,0.5697113117728649,0.114421567712366,0.422817159923179,1.5500682493888047,1.3865345045241992,0.7782847628451497,3.0470597993669943,10.542051457796653,34.32913438926799,0.575032346399397,0.1152469904141592,0.4270915512135258,1.6529256710497948
22,1632,0.8344520273265803,0.8388387026781415,0.5598086124401914,0.375,0.3435582822085889,0.2131012748277365,7.564891936488594,25.81311877473257,4.201647201803834,0.0625,0.2331288343558282,0.1333633102904136,1.129148105132213,2.1893780049906866,0.638327136553611,24.943875,0.0012254901960784,0.0214460784313725,0.3218564516129032,23.638625,1.3715539399488244,233482.0,9.792661986537098,2.518383934046397,5.882084574149035,1.5503436411300513,1.3381566833800835,0.5907455669146039,0.8023034586917115,0.4049084723855923,1.212551549379443,0.574906174809133,1.1238338855029892,0.6166737485327164,5.693826999709197,1.4271301867013049,1.1501351526532977,0.6222850438795082,1.2592674727781763,0.5874658003786787,6.891608833744697,1.5083035580109774,1.2071061860041596,0.6748507772600001,1.3715539399488244,0.562987882309619,8.906673321653592,1.545692350163618,1.2694490418097968,0.7275574681952917,1.407943238073366,0.5487634060284196,10.900467892895994,1.5537928227663207,1.3349049510167506,0.805994871940627,1.4340268815571793,0.534179000572299,13.853340274291815,1.5580139015136063,1.0821962488182697,0.6181515238542115,2.3100227702391165,7.782767129716818,24.58941671524425,0.5558884071600998,0.1175889594887539,0.4218280496983634,1.2077022849033083,1.142883850979039,0.6465213989184357,2.4470474474730555,8.262911450365886,26.164430041472748,0.5591965471831494,0.1167367623400485,0.4236126829737291,1.2871003304549318,1.2071061860041596,0.6748507772600001,2.619109598661673,8.647039890364127,27.85622795439692,0.562987882309619,0.1160387194070284,0.4257271690468783,1.3715539399488244,1.2750724471581305,0.7068502598852442,2.7684466550266964,9.116876446107838,29.672068699213437,0.5671862941332385,0.1153988150315938,0.4284154350078724,1.4613839282890262,1.3470042104932798,0.7334196525377116,2.9724321679039805,9.707011649847086,31.61953777795392,0.571723559271392,0.1148121875455083,0.4314429039959023,1.5569312289092516,1.423136190545909,0.7675155843771495,3.2079661450277186,10.45026039139876,33.70655872016344,0.5765441675477424,0.1143134433256836,0.4348141671492991,1.658558133330179
23,1779,0.8550876164883836,0.8718941910689256,0.6405529953917051,0.3888888888888889,0.2921348314606741,0.1757652383822599,10.154329674962831,29.9363232798254,6.131465945603627,0.3333333333333333,0.1910112359550561,0.1443967159197238,1.2010980081278282,2.802389259642984,0.7150746122924952,33.97975,0.0,0.0033726812816188,0.4384483870967742,32.94325,1.4449592584723454,174100.0,13.123072118815324,5.304227943451581,7.999448102896117,3.0826516134981565,1.4688233978405203,0.7936215276510555,0.8320447313471113,0.4859181159959767,1.2058540625767775,0.5568823638942006,1.3131042594130922,0.637807751836428,6.110950076305034,1.5553600333293758,1.2104234520669164,0.6476992775420465,1.3984243642409215,0.5978964273439064,8.077170882007565,1.577714544689874,1.3091109087359332,0.7460640028047031,1.4449592584723454,0.5659671683136634,11.488696865847324,1.5830215881296872,1.3597725981815534,0.7748731725414735,1.4615140556349049,0.5545185079650087,14.006341208648683,1.5828753705695815,1.3965234317824955,0.8156803330931401,1.4765699424054182,0.5423763027389757,17.221353518498717,1.5863032420910088,1.1600927853508924,0.6708175560108199,2.298193688825532,7.804960179497206,45.50836821681308,0.5556879487442403,0.14558812458937,0.4377407918636805,1.26835650560282,1.2323875795150323,0.7141162610917207,2.4321465684148955,8.316031772173444,52.7789036667033,0.5606008801509084,0.148953558523451,0.4420204912869336,1.353902170494064,1.3091109087359332,0.7460640028047031,2.604103383015909,8.724809040447443,64.86818852019184,0.5659671683136634,0.152510568589795,0.4467539600251866,1.4449592584723454,1.390535666223008,0.7752368695546147,2.7501619498972105,9.468914054545596,78.27137759077256,0.5716979823374658,0.1561424259878877,0.4520081476238454,1.541883512955253,1.4769512766976776,0.8122478983542609,2.9446344688615125,10.286550153616442,93.0938913364793,0.5777210764548585,0.1600255591158599,0.4577711962272488,1.6450535810554734,1.5686645738002123,0.8478830265064072,3.103589260050283,11.00841465778803,109.4470774547214,0.5839790417522679,0.1642755254574345,0.4636640416597692,1.7548723187168869
24,1748,0.8571900547157029,0.8637601103542077,0.5418502202643172,0.4117647058823529,0.28,0.2163967534802271,8.46983095862714,32.01867677012791,4.962242253960267,0.2941176470588235,0.1942857142857142,0.1425164357012979,1.130824311394082,2.572814101133956,0.6710575101517066,29.00225,0.0005720823798627,0.0154462242562929,0.3742225806451613,27.58275,1.426324801838257,210539.0,11.145802929762285,3.795090701167701,6.717175843621549,2.211695900415873,1.3372605470162282,0.7296567737803943,0.8134618075630498,0.4418497974975776,1.1507576479788484,0.6035880338267425,1.225736289168866,0.6016642777063781,5.890350781331381,1.494455974724901,1.130675003601887,0.6326442623472164,1.3439892391390402,0.5784404594615457,7.4613667232915395,1.5517001592685946,1.2289918085216824,0.7188916835616439,1.426324801838257,0.5572618092825697,10.072984649455854,1.5729477548015756,1.2979810736601658,0.7795205088890753,1.4510881415452708,0.5405018603084023,12.535053898951809,1.5751036733028363,1.357000063932603,0.8331339898970576,1.4716430612569107,0.5280557313647085,15.725547175305111,1.5798503430840605,1.0949893145781078,0.6483392083474587,2.230794587423956,7.681166088132545,23.807425677888023,0.5474628472888431,0.1276046472280768,0.4175903804311194,1.250581015941191,1.1599964597933916,0.6912432377765438,2.368207044138662,8.618754383168433,25.513353534849475,0.5521459116119817,0.12905220268407,0.4212503637720434,1.3355562464565534,1.2289918085216824,0.7188916835616439,2.532029380358242,9.18651964611237,27.32084186625121,0.5572618092825697,0.1310159680135011,0.4255899491723708,1.426324801838257,1.3022157590050862,0.7460795446880762,2.707753598847279,10.23913754705811,29.23447513695674,0.5627299116831133,0.133076971515009,0.4303019384195036,1.5232703728762431,1.379922229929499,0.7826393656723735,2.8686994657670706,11.332217848739251,31.258949986908227,0.5684967937288979,0.1353144874050314,0.4352781828260169,1.626799966364926,1.4623793757460513,0.8073342579854779,3.024637875172619,12.015136056192038,33.399078136950095,0.5745076324746289,0.1380139633976942,0.4404699299590425,1.7373452453033142
25,1707,0.8390263297659656,0.8458128872014098,0.5616438356164384,0.6470588235294118,0.2631578947368421,0.2118456634478197,8.284871587187933,30.26253834783352,4.943351361712673,0.2941176470588235,0.2046783625730994,0.1429647556514077,1.1053110105994426,2.505682634596462,0.695011918646422,28.81225,0.0005858230814294,0.0234329232571763,0.3717709677419354,27.441625,1.378766961946214,211799.0,10.612191048634225,3.5778049790090782,6.846634757900757,1.8254944483885955,1.296130124352458,0.7053398640718425,0.8608720203621918,0.4015252249143786,1.0515976221726686,0.5762982030887074,1.1552269243377304,0.58550348702635,5.908386476420164,1.4353966627511303,1.1104285782325336,0.6294305248868569,1.2867243424869848,0.5684410089467253,7.350463320964392,1.5075271452875274,1.2012943029296423,0.7289696289620038,1.378766961946214,0.5454533215518892,9.791249449516892,1.538586284665869,1.2611501620803671,0.7793701661425184,1.4103072762230924,0.5297166209089852,12.062491414184612,1.548913890343648,1.3235204021712927,0.8360341743396924,1.4343978760118667,0.5175489070593171,15.10753042528494,1.5537079975907957,1.0781022544963326,0.6540860570036294,2.2271705441769623,7.968588748960679,23.022936550293124,0.5389049405536608,0.1100865396666579,0.4090912462326762,1.2197099097019553,1.1379804024208962,0.6918553166089294,2.367132881485522,8.410784677933428,24.57010118408232,0.5419532969877918,0.1097461562588244,0.4110179626493958,1.2968537494861534,1.2012943029296423,0.7289696289620038,2.4755898431525827,8.754064187598162,26.23613372280709,0.5454533215518892,0.1096805752930571,0.4134632177149747,1.378766961946214,1.2682377638580706,0.7644461866614971,2.602772295058452,9.341910602199992,28.029411100513805,0.5493383953216047,0.1096386986047594,0.4162485872079798,1.4657349898951613,1.339014555106084,0.8027566241486301,2.769835602686377,10.139481654178104,29.95886131887587,0.5535574419007792,0.1096637259544272,0.4192810194621124,1.5580587533448604,1.4138387913225163,0.8391522272525475,2.947597412256973,10.72481635258,32.03398982577302,0.5580671284097447,0.1101378067214133,0.4225947163014082,1.6560552818074132
26,1803,0.8655028495544521,0.8724078284349532,0.5517241379310345,0.3888888888888889,0.2611111111111111,0.1721677534668578,10.54456154713549,30.75678020944173,6.428659213923268,0.2222222222222222,0.1722222222222222,0.126384115679856,1.2089052438995582,2.4528280467864363,0.7303244438673495,34.81275,0.0,0.0016638935108153,0.4491967741935483,33.65375,1.4428109823224633,169780.0,13.210897832232956,6.082351036277645,8.441220202388148,3.7566405311130353,1.4154790087609574,0.8451271666849932,0.8782070810821557,0.568955371258513,1.1320315368849825,0.5941484376652517,1.3007844548324563,0.6047846469297353,6.309299799181397,1.526029829476801,1.1785597610980043,0.6460402651514018,1.3920820847536897,0.5802666208552556,8.327985295210947,1.5568910562949672,1.2916954470867048,0.7588854582686594,1.4428109823224633,0.5485322461039249,11.889800725991147,1.5717655773122692,1.3458008164007826,0.8107931356229061,1.4599688904973376,0.5335896251566236,14.619002751975204,1.5788105435460549,1.3912008415646917,0.8567269714565318,1.475170071518015,0.5234677840026482,17.937110207215152,1.5810036251068154,1.1502342744919405,0.6924496644469771,2.199456933004154,7.474229344951082,37.32750323836465,0.5412398252048926,0.1257336941412958,0.4208274856835792,1.269339771819604,1.2189754986519303,0.7307746069871631,2.34902704233694,7.913488565477076,39.903380200790174,0.5446439960124276,0.1255764780646777,0.4224894436881062,1.3534485423500862,1.2916954470867048,0.7588854582686594,2.5281993968944123,8.389528713945582,43.22272303640788,0.5485322461039249,0.1257180485228628,0.4246925990532817,1.4428109823224633,1.3686131916845488,0.7895655597260214,2.7342452135794946,9.267043786730063,46.89360857542395,0.5528108238690282,0.1261403337695212,0.4273992040834417,1.5377387937265925,1.4499593084082296,0.8254382491050299,2.907757880259614,10.166925064492524,50.94310116535934,0.5574015415981196,0.1266365755653671,0.4306069802673027,1.6385611352588134,1.535976410613883,0.8621239817457304,3.144098500970512,10.875560784847243,55.39998041427534,0.5622474436894905,0.1273515862873077,0.4341662165301045,1.7456254615883682
27,1775,0.8584438744986541,0.8724727239274198,0.6036036036036037,0.2222222222222222,0.3146067415730337,0.1833839128207242,9.447468363486133,29.26007952126087,5.534792369782128,0.0555555555555555,0.2022471910112359,0.130045272105752,1.16380866211833,2.399364629534255,0.7328026800277054,31.58425,0.0011267605633802,0.0056338028169014,0.4075387096774193,30.5455,1.418334579593067,183057.0,11.929414098063482,5.054960129364376,7.218647097951124,3.2392873045222994,1.3572909690585049,0.8101700792475294,0.8329436565297609,0.5221357868293539,1.0570243277207017,0.5423613272246853,1.2463111787573802,0.5978158463724101,5.882125435120972,1.511982578289485,1.1391206198025785,0.6397405485000702,1.3593075208093532,0.5719051705558068,7.576709314859957,1.5513982288433503,1.247339206394336,0.7644953689769798,1.418334579593067,0.5466137329524603,10.786912498096257,1.563129209251437,1.3046663761852968,0.7900805514434357,1.4399041038559308,0.5375778989068143,13.30536019367189,1.5678345876988304,1.3570048195736517,0.8168976273392365,1.4581214733905528,0.5285763606861944,16.565908808531425,1.5729316585729969,1.1122651869285494,0.6904333689579575,2.3126601399269964,7.806837324624214,31.17964735354817,0.5395340854103629,0.1282034255427317,0.4134621886368489,1.2482115469637751,1.1778816947922652,0.7254546515308592,2.432371583922939,8.26844805437827,33.190531132145665,0.5428244346955966,0.1280976740190083,0.4155967647775636,1.3306389741566431,1.247339206394336,0.7644953689769798,2.602099532571556,8.768433835645423,35.334851967984775,0.5466137329524603,0.1280736337198317,0.4183595904023188,1.418334579593067,1.3208632713447743,0.8034431614120331,2.782364784620713,9.277698200742178,37.62050935129091,0.55082572487786,0.1283265011365707,0.4216922192087327,1.51162954207137,1.3986931163558225,0.8353458650312028,2.9674067077554285,9.691543296152496,40.055825689624335,0.5553848432893387,0.1286894970760378,0.4252953239449733,1.6108760971460951,1.4810825445743714,0.8766911405328467,3.164929110258123,10.171361432331626,42.64955988516963,0.5602460208630894,0.1291100246111711,0.4291855045272928,1.7164490034442403
28,1735,0.8439357770847664,0.8407876268161604,0.5675675675675675,0.4705882352941176,0.3103448275862069,0.2136078370320351,8.271278795884069,30.237225997516017,4.877053994817096,0.2941176470588235,0.1896551724137931,0.1343626325838512,1.1489887033919384,2.400211699348984,0.6883439351613739,28.0775,0.0011527377521613,0.0126801152737752,0.3622903225806451,26.4255,1.3958269425290728,212059.0,10.756606261180924,3.89561145652893,6.792789749067861,2.1475506679245657,1.358142129008138,0.7085094919367473,0.8175394966889851,0.4211846402406546,1.1594239584944463,0.5815983917503957,1.1627976869379528,0.6066301382352797,6.022834292407612,1.452084824277623,1.165794984715797,0.6263054771312507,1.3022591809360986,0.5972906180228446,7.151660065251608,1.5286985534954098,1.235528622420668,0.722620405038021,1.3958269425290728,0.5592471842616069,9.790537391962358,1.5578303718868938,1.2885592825205818,0.76504292331068,1.4270774871080527,0.5416703092039228,12.194920525074862,1.5654639449695618,1.3480777494503278,0.8176007346799293,1.4510233879063268,0.5260477859982101,15.337610030160413,1.5692371565553287,1.1032759922281474,0.65409368703158,2.188440982444813,7.69430702658805,28.70061644708304,0.5520533888817868,0.1204942020210831,0.4268979239737113,1.2302435649170662,1.1674306561727827,0.68723062423919,2.36324370223701,8.116463999880047,31.079864288756408,0.5553948097761853,0.1207049046766188,0.4282311728697671,1.3103656607558054,1.235528622420668,0.722620405038021,2.543423456450219,8.71133569576695,33.691428138044834,0.5592471842616069,0.1210388259769986,0.4301541909429017,1.3958269425290728,1.3078176803737895,0.7548017861196966,2.7357609917074943,8.957743673460504,36.55419429919208,0.5635357358077127,0.1217198047371878,0.4327302257311793,1.4869841222047857,1.38456287581766,0.7887288315452814,2.8769155492213487,9.831054644061592,39.6885079116817,0.5681882126216794,0.1226257081417311,0.4358072126305777,1.584220147550877,1.4660480071460655,0.824596778789199,3.063776546181981,10.309847219555111,43.1162804235641,0.5731535061079144,0.123909267246411,0.4394429614181062,1.687946587060156
29,1778,0.8509009250697445,0.870963999190655,0.5752212389380531,0.3333333333333333,0.2640449438202247,0.173470377306901,9.57427529857834,27.763619965760427,5.735919489830154,0.1666666666666666,0.1910112359550561,0.1205727923877961,1.197154046520583,2.2677894958788576,0.7144662295973621,31.339625,0.0,0.0028121484814398,0.4043822580645161,30.011375,1.4230359309605711,192233.0,12.141930377588068,5.0698528254865325,7.575661942260207,3.126124315945928,1.4032445903099042,0.8099662081510483,0.8592113697875225,0.5337401891289231,1.2364427157024964,0.5826064132035245,1.2350242920695582,0.6417878899577545,5.872839672164711,1.5114827561918462,1.143037576930764,0.6376051107152843,1.3578099822549117,0.5727720191651798,7.512447613609543,1.5570145584606705,1.269412906994707,0.7419504286626687,1.4230359309605711,0.5439437270989146,10.801902610199178,1.567819007423195,1.3252875688434185,0.8053631560444588,1.44563893115021,0.5336333437824011,13.318144409141263,1.5721000863612844,1.37365696533837,0.8435573528504111,1.4644670187798756,0.5255083394200215,16.565841236173227,1.5769191017466866,1.1304204501235624,0.6847605750176076,2.499505044081271,7.099586996523757,28.534540445115447,0.5363146642658281,0.1168077052852676,0.4134097008815597,1.2504454076729246,1.19791168601826,0.712829764551445,2.6362295646412486,7.872197330495761,30.46254863618408,0.5398958235017256,0.1171525377997001,0.416042720920587,1.3340025823326291,1.269412906994707,0.7419504286626687,2.7712874018271707,8.715639599799852,32.51408521373832,0.5439437270989146,0.1175042540884581,0.4190937092328682,1.4230359309605711,1.345158201197499,0.7757764877843742,2.932597280407777,9.21168481540878,34.696315875079435,0.5483816062540432,0.1181491640523296,0.4224634559139656,1.5178869484969133,1.4253947055564715,0.8112135179075646,3.143945567264074,9.982658544104549,37.01690302366293,0.5531439501915085,0.1189454745614556,0.4262631336760896,1.6189172232925952,1.5103833054019853,0.8456871098980929,3.3599655396503265,10.688396986908703,39.48403588202692,0.5581795921477967,0.1200377280750568,0.4304890884756226,1.726509563193753
30,1759,0.8633959274615723,0.8735203550145555,0.6,0.4444444444444444,0.2840909090909091,0.2027418760934922,8.591135856825158,29.83958659550084,4.757215529858,0.1666666666666666,0.2215909090909091,0.133018495652795,1.1347354601208064,2.377905183108202,0.6573469422359285,27.50325,0.0,0.0051165434906196,0.3548806451612903,25.9015,1.4059428703711054,210750.0,11.48160097671137,3.5530208884402588,6.481262218269313,2.243587847088893,1.3931864543159929,0.6143611672666864,0.8218555898556187,0.4136293957430597,1.179162978302648,0.5802300445433288,1.1746332931661152,0.6255892648946033,6.038302888961605,1.4973820572788468,1.134894602990335,0.6296291842729853,1.316075667766312,0.5861448211299618,7.245871078479094,1.5557088076866326,1.2195452195059613,0.705036695725306,1.4059428703711054,0.5570841134850132,10.040717487661473,1.5748214053318352,1.2909760841659128,0.7562113359181,1.4329988511384657,0.5413854352431935,12.47083113717154,1.578652682019329,1.349863350113156,0.804607138964079,1.4543026091062603,0.5280999254555455,15.693965924051176,1.5821404082966026,1.0884983482675925,0.6406870794574282,2.3251767181684984,8.407827960539247,23.81937208377528,0.5493653307572993,0.1162228055616073,0.4222405197473899,1.2350896138807577,1.1520570505165917,0.6808994552895149,2.476967518165229,9.049500420101069,24.626596053259696,0.5529806097465529,0.1160350884314462,0.4241794816387443,1.3177105670695162,1.2195452195059613,0.705036695725306,2.667863235812449,9.759596757094856,25.469986652884515,0.5570841134850132,0.1158775817366679,0.4267936578005855,1.4059428703711054,1.2912139702647656,0.7376708883790822,2.820720740301889,10.452099226231,26.351067373391068,0.5616065561060063,0.1157496550285198,0.4299978824736457,1.5001669743285584,1.3673306710660544,0.7676331418199703,3.0162755391018043,10.983756492500383,27.271392432351824,0.566489524563764,0.1158386293077647,0.4337620301894048,1.600788467066756,1.4481799261126331,0.8007512055880559,3.2218761213542524,11.474090382471523,28.23254710445937,0.5716743068078781,0.1159733495701568,0.4378510653576913,1.708239654842855
31,1786,0.8681552197137594,0.8781119824048346,0.6199095022624435,0.4444444444444444,0.2960893854748603,0.1919998702221849,9.534967250206012,31.739300326680457,5.701069302218079,0.2222222222222222,0.2234636871508379,0.1270037225195354,1.1704010675138905,2.385214310335197,0.7034847087505435,31.628375,0.0005599104143337,0.0039193729003359,0.408108064516129,30.434,1.4058455911272505,188369.0,12.038209802587335,4.74311975179703,7.463196018600316,2.9158346839288107,1.3570415607785975,0.7700867532748645,0.8246772237601292,0.4740725918169472,1.112618926485841,0.6143061901919504,1.2338518331296056,0.5832275697552357,6.165963410051501,1.4915107736771336,1.1431754859845809,0.6606271528178596,1.3417651298745272,0.5655982304660917,7.7217722132494115,1.5318689900662703,1.2513432712629025,0.7344580307941686,1.4058455911272505,0.5439645892121406,11.014427292815451,1.5460363993216282,1.311615927853678,0.7810436901689289,1.4305297005843218,0.5324826343298935,13.554333139748424,1.5529398014270568,1.359395641769655,0.8228430853293197,1.450351816846275,0.5222355106245932,16.81674473419772,1.558212791425205,1.1186128665513215,0.6740626518010269,2.4187173826108017,7.0828271201369954,26.73638456186002,0.5381512240871696,0.1125241736918621,0.4105723336490934,1.2419450616015326,1.1831801797993875,0.7074366986835977,2.5627884458860786,7.519141807422324,28.940958967151914,0.540824169133802,0.1125322752769258,0.4117019872491854,1.3215006903000193,1.2513432712629025,0.7344580307941686,2.730934042167437,8.116267514625658,31.30634153490932,0.5439645892121406,0.112652608626324,0.4133706511825392,1.4058455911272505,1.32330196839986,0.7637895353553767,2.921228039038392,8.698161533351316,33.84129701999294,0.5474980156519723,0.1128473265729631,0.4155126069740577,1.495265880109915,1.3992667024322585,0.7959756553344223,3.0875207961268893,9.192577570552949,36.55483713471236,0.5513676583020657,0.1131515802462229,0.4181277141534165,1.5900638897956387,1.4794589833463327,0.8355696109768886,3.3139384016965043,9.826194314419046,39.45622246193837,0.5555280468564686,0.1136586394057359,0.4210675511523665,1.6905589365968785
32,1777,0.8637650365995679,0.8729151129238779,0.5822222222222222,0.3888888888888889,0.2528089887640449,0.1745115056985287,9.613792639783645,28.06396655953334,5.336809531307803,0.2222222222222222,0.1910112359550561,0.1218066594747738,1.175039145636299,2.250476544598517,0.6795721618909253,30.23825,0.0,0.0039392234102419,0.3901709677419355,29.0955,1.4210019002623169,191639.0,12.291600098971522,4.92898186595312,7.12460208951538,2.8184150178690643,1.3970661704727574,0.751750257758594,0.818925917118541,0.4549446091927633,1.0644711224434695,0.550012463755556,1.2286342420053404,0.5981328876829272,6.012454270850183,1.517653127787149,1.1297388234225585,0.6142009585565861,1.3518852938358783,0.5865140279690406,7.627902319605505,1.5558075826701203,1.2476629429775856,0.7163130163169543,1.4210019002623169,0.5592582188380255,10.859724474544455,1.5713484562548246,1.3042456422397175,0.7636050975187167,1.4432188829143058,0.5461390111266068,13.344659288528662,1.572205632692714,1.3599726122534088,0.8211310340307586,1.461402355396811,0.5337130419861801,16.59910622712095,1.5753561453909477,1.1117236036944111,0.6548796295480932,2.292905979982609,8.700871316955036,29.39405286398833,0.5514325709418488,0.1224965623800959,0.4243680609128794,1.2477346605049644,1.1776658704637333,0.6821039668264355,2.4412581975404675,9.300129225410943,31.262149010057307,0.5551008076717674,0.1230017872001125,0.4263947551506113,1.331540698847974,1.2476629429775856,0.7163130163169543,2.5841259170459745,9.978023745754314,33.238120946538096,0.5592582188380255,0.1239351250560268,0.429107127538517,1.4210019002623169,1.321969152602622,0.7527548377642956,2.7628436418879465,10.645463752975411,35.330438635102496,0.5638263233790498,0.1249231779415871,0.4322829170821974,1.5165008891304648,1.4008555959285427,0.7797443158502086,2.9761429289676684,11.368499405316989,37.54829757799546,0.5687465556757078,0.1261217356952593,0.4359989635173931,1.6184467356432404,1.484611282667043,0.8163364043835825,3.203154321022069,12.112001201560828,39.901666695030585,0.5739645551859329,0.1275251637821026,0.4400273473985404,1.727276776298403
33,1750,0.8509619773080643,0.8589840306971607,0.6129032258064516,0.3888888888888889,0.2571428571428571,0.1830353811301739,8.996544814884102,27.62577985746112,5.11844286493071,0.2777777777777778,0.1771428571428571,0.1266715505807507,1.1616481125099514,2.3093144316143435,0.6985990770813372,29.71925,0.0,0.012,0.3834741935483871,28.16425,1.413105245792339,200587.0,11.48999300054803,4.2616341917432345,7.017973911197244,2.385744098896645,1.3648485907024814,0.7670050985576898,0.8072631338891623,0.4833802712781386,1.1373013994194376,0.5849671609053381,1.2166695444699052,0.6058273590284554,5.898396428364025,1.4950951775711696,1.1521683264923697,0.607025341432568,1.3395787473417506,0.5921358364625439,7.340014058226817,1.5484413218725066,1.23968942220905,0.7240815287340261,1.413105245792339,0.5562083458933751,10.26333279777934,1.5645324386858752,1.299601444226245,0.7806083748524923,1.4353790061992957,0.5411275119359783,12.655495428502986,1.5669206060878649,1.3513453157330233,0.8307953226034153,1.454805709331474,0.5296566399896291,15.835697801575026,1.5700629373539643,1.1063890788399395,0.6577332585162462,2.2598413065670884,7.882076690653335,21.83934856085688,0.5481739861610992,0.1253674844853622,0.4212503290699541,1.2429546686176791,1.1710716007654371,0.690414557073242,2.4059307391235363,8.261437746786914,23.357640802862218,0.5519472741283971,0.1258347818942585,0.4236797243855742,1.325285072739136,1.23968942220905,0.7240815287340261,2.5807809093567884,8.66334329432702,25.014969852860457,0.5562083458933751,0.1263644913951122,0.4267496369812084,1.413105245792339,1.3124925360095276,0.7565593318957078,2.716998610899799,9.063155781146603,26.824547645293297,0.5608835414854504,0.1269536899915577,0.4305690603768943,1.5067877210591338,1.3897473126156357,0.7911886338076064,2.9094044833024464,9.552624586252591,28.800923879156688,0.5659061641454487,0.127823864632906,0.4349987988425673,1.606730597214723,1.4717375062414582,0.8274783987140035,3.08264845174275,10.008384083645575,30.96009201002956,0.5712297066542568,0.1289751881958691,0.4398507615107783,1.713359166337764
34,1786,0.8559182015538701,0.8697889776686408,0.634703196347032,0.4444444444444444,0.2849162011173184,0.1864598639760873,9.502547213447787,30.509497436325702,5.754763403188353,0.3333333333333333,0.2011173184357542,0.1328182317736597,1.1651769467234434,2.499931318894024,0.7015782701205162,30.98575,0.0,0.0061590145576707,0.399816129032258,29.9645,1.4094246051307462,189209.0,12.224361320239506,5.010810188702574,7.185889592923852,3.336963866067068,1.4048925976214053,0.7312242220183998,0.859185143837761,0.4757220559573419,1.1044895435456643,0.5417696446686031,1.218007499550556,0.6258670723109542,5.713415442243028,1.482595146404836,1.1436517454187558,0.6100166218088902,1.345704540029547,0.5952955918235882,7.423490531935556,1.5356659204016765,1.2541107486765783,0.7409174123109805,1.4094246051307462,0.5599573874494516,10.902226427626102,1.5544768002347296,1.3067388363810264,0.7908133368773056,1.4324179606673917,0.544862525750683,13.312469890596804,1.5612115581550683,1.3609918613034986,0.8329846047182478,1.4540520584376215,0.5292778582403113,16.589701671105324,1.568831182501872,1.119048494256489,0.6730537285217849,2.2877551486628667,8.229911379332306,32.76120317230469,0.5523277733096525,0.1301197555265129,0.4230726980726587,1.2417110030704042,1.184683807399183,0.705770351794164,2.4332715339539948,8.537674752564396,34.85003884631574,0.555917188523693,0.1304280863235997,0.4262773465044488,1.3229914961355091,1.2541107486765783,0.7409174123109805,2.5792303692321497,8.912116327078358,37.07281383136164,0.5599573874494516,0.1308978093599319,0.4300165420393562,1.4094246051307462,1.327541805308872,0.7679034412196613,2.7186849087089944,10.04721658692783,39.43563273616057,0.5643725938361362,0.1315404964770685,0.4341845900288144,1.5013260702538207,1.4052012348805478,0.8002024176765472,2.900419922937408,11.157065083171693,41.944852871438655,0.569104134756062,0.1323042145839167,0.4386071981757322,1.599030501791827,1.487325690983325,0.8363305068668296,3.1405128006264444,12.037634558379752,44.607095804457394,0.5740900339234102,0.1332282739099148,0.4432866369638175,1.702892420699586
35,1704,0.8612792389803107,0.8500924197870852,0.5740740740740741,0.4117647058823529,0.3058823529411765,0.188507210174353,8.347566819102386,25.596296718291555,4.860616680795106,0.1764705882352941,0.188235294117647,0.1271705227018295,1.1371288695304318,2.1869591363712035,0.6591046382502885,28.159125,0.0011737089201877,0.0129107981220657,0.3633435483870967,26.588375,1.3987735260394338,214868.0,10.779286740019677,3.660703059152356,6.499820064919956,2.0882676459362544,1.352617338819691,0.6883687533691268,0.7962677507824683,0.3979226434535521,1.1085582855894147,0.5458760781452314,1.1663508167845982,0.60651301695601,5.604639589621542,1.4850321447852854,1.1151418739290748,0.58912067609845,1.3042180082011496,0.5876048531107163,7.042580973303815,1.5597893648500465,1.2110605784628805,0.6827838357560992,1.3987735260394338,0.5621973925885873,9.562266107777685,1.5750702221027713,1.280076324928351,0.7447868403388049,1.4316845363912143,0.547154601554062,11.845177274695375,1.5811355251057342,1.3444747299595707,0.8010811446593185,1.455610692937337,0.5351914397881619,14.899756556565114,1.5846329326041018,1.0799040101856443,0.6260893070067968,2.458374044725244,6.616416191942222,24.22057227713773,0.5539308970845084,0.1044970822442167,0.4139239865435208,1.2249385685455016,1.1434458350471015,0.6550879367067539,2.620417574051323,7.651982422093898,25.61227616792877,0.5578082069894381,0.1043848507501086,0.4174547970536334,1.308854141798406,1.2110605784628805,0.6827838357560992,2.810164237212666,8.040311918453305,27.080520544283942,0.5621973925885873,0.1048396884405078,0.4215080379642162,1.3987735260394338,1.283024685355653,0.7139766442478609,2.99901147480164,9.05581463789818,28.628984608273203,0.5670250173265643,0.1053425479384086,0.4261031495819883,1.495137840405204,1.3596330991997767,0.7491842005794643,3.235678106833172,9.744019679258914,30.26141592294074,0.5722303248662429,0.1061722344649408,0.4308519644753812,1.5984187629029942,1.4412003348012152,0.784915233073068,3.451970742007624,10.1982143857476,31.981631942470507,0.5777640160399805,0.1071943092244276,0.4360312340713042,1.7091202805563648
36,1696,0.8563259200435053,0.8620749460728689,0.5887850467289719,0.2941176470588235,0.2941176470588235,0.1806119381683366,7.820021877265908,22.84280965793421,4.3751346665228015,0.1176470588235294,0.1705882352941176,0.1174476768061763,1.131647007074351,1.995720319615812,0.645853030440584,24.734125,0.0005896226415094,0.0247641509433962,0.31915,23.71775,1.389838148294409,224998.0,10.025209142807634,2.9334194669349194,5.954986675997945,1.57788351529709,1.340498479661918,0.614397036317387,0.7961958285158667,0.3282991774137448,1.2411710263447795,0.5924840974181602,1.148564368797801,0.6433616314197301,5.613304235159967,1.4896916156481192,1.220307107954962,0.6197018247314687,1.288732969776163,0.6149184188427916,6.608290743466045,1.5352960412217005,1.1922747925651729,0.6873981028476182,1.389838148294409,0.566085594785682,8.869132027238567,1.5648697286570858,1.2659664045045855,0.7505790465307752,1.4249481927922163,0.5513951058755173,11.094435691720896,1.5705371759604896,1.3408214780255483,0.8187704435164997,1.4510751764648018,0.5304493953258009,14.282846468996532,1.5773479283045777,1.0675781173850682,0.6251916577740259,2.279556511412125,7.928484770751372,27.124762270572464,0.5587477187045898,0.1135299415085304,0.4201145882615324,1.2211004112291248,1.1281407319275978,0.654426237290722,2.448060786225481,8.132965726528928,28.975191165674907,0.5621627513425573,0.1135443877269812,0.4219852738483923,1.3027057293598203,1.1922747925651729,0.6873981028476182,2.59166563360561,8.597954756457423,30.97559457214857,0.566085594785682,0.1140217900799411,0.4243028511055141,1.389838148294409,1.2602082912873505,0.720427342749316,2.7864710581940457,8.943887647732915,33.136711728755046,0.5704366598257737,0.1146592664626827,0.4273433099167298,1.48289929496782,1.3321843068769144,0.7512541104204999,2.967364519030911,9.323208257179427,35.469692063175856,0.5751601006315901,0.1153081687526987,0.4311470189191281,1.5823203166634146,1.4084618878244233,0.7870343192254048,3.1663101778357152,9.846043305916348,37.98610284685814,0.5802023296483628,0.1160375085225943,0.4354255485204658,1.6885637367034203
37,1779,0.863573578893485,0.8649033542213729,0.5892857142857143,0.4444444444444444,0.2865168539325842,0.1971459146740147,8.745403231322316,29.956572760212666,5.206220483751425,0.2777777777777778,0.1797752808988764,0.1318377939563496,1.1367828657338617,2.408117630967712,0.727983760613569,29.87725,0.0,0.0089938167509836,0.3855129032258064,28.312375000000003,1.3927095240423957,199561.0,11.228064820486486,4.275952565618376,7.155161652596949,2.5182464158049607,1.3473702636205214,0.710671572801986,0.8899379683552516,0.4416859683897173,1.0388679581230171,0.580824024928489,1.176967585005831,0.5745372241672767,5.828695633423367,1.4723785863610104,1.1190526753281749,0.6638451292380344,1.3116689102910748,0.5623349380975046,7.376880705771736,1.5379145951221032,1.2218243705471437,0.764850582860023,1.3927095240423957,0.543334855067989,10.164250434210429,1.5576019917702086,1.2884509891948683,0.8275745664039865,1.4182381914166842,0.5262751694909019,12.71651864588923,1.5647904248123414,1.3437505490456858,0.8660230367780554,1.4390031352527397,0.5144649779897387,15.95217503352369,1.5694188375299587,1.091630672218375,0.6997335200532478,2.202427283106726,6.750005929223853,29.044932037316528,0.5361837413299153,0.116022742526178,0.4087677925857521,1.22759797018827,1.1548565266511768,0.7376678949959973,2.330868235281691,7.303876493045,30.781581177674106,0.5395314172846943,0.1160406421598507,0.4104139656412324,1.307547469045534,1.2218243705471437,0.764850582860023,2.5184730585691195,7.890837164316951,32.614115875416736,0.543334855067989,0.1160694053297518,0.4124682669220126,1.3927095240423957,1.2927468875239658,0.8008830430647513,2.689273710946493,8.419157222460496,34.54852301354312,0.5475257722160591,0.1161259086325792,0.4150260683406818,1.483406387877995,1.367848102400386,0.8274763817632786,2.85115778453426,8.88914169101579,36.5911721640284,0.5520461469089553,0.1163381800755449,0.4182253297554463,1.579978593650509,1.447363910687914,0.8619451918480799,3.055991352335102,9.375245068825812,38.74882755331467,0.5568481199329218,0.1168326408634682,0.4217923938574769,1.6827858514496192
38,1693,0.8554716076287353,0.8639321112921458,0.5294117647058824,0.4705882352941176,0.3431952662721893,0.2069541050822973,8.044555120479552,27.518530095150517,4.583214623013093,0.1764705882352941,0.1893491124260355,0.1366198908054184,1.1362173213023163,2.356789404957996,0.6692856304828685,26.78625,0.0,0.0135853514471352,0.3456290322580645,25.4605,1.4024399581414653,218925.0,10.370246209443298,3.274118726294652,6.417611539521019,1.9060254782350152,1.362728864673139,0.6250956499610822,0.8338239696129439,0.3873662253868166,1.3110654434918882,0.58268894915908,1.1677744637049527,0.6578756060459393,5.712700625228159,1.4725700438637983,1.2633408729449052,0.6261955349496516,1.2999174295208886,0.6251178943312343,6.868167364536966,1.5401415766447226,1.222731585944184,0.7122399690452614,1.4024399581414653,0.55993683813021,9.424872307107146,1.5691128740222633,1.282412986517001,0.7487062457585527,1.4359854582287015,0.549073393821601,11.611602724664918,1.5714421812723758,1.3473336902702573,0.817314510907378,1.4599798888720692,0.5344605533954825,14.66047214028895,1.5722449804161474,1.0902442126004397,0.6499675693645006,2.251086546528805,7.974128966973425,20.21386911566221,0.552096291042318,0.1128950245643791,0.4184761590350342,1.2305865793494606,1.1544412275668618,0.6788902616856448,2.404564225441452,8.553908541212923,21.13045199679732,0.5557414106920003,0.1133489783168163,0.4208002421134069,1.3135816856118216,1.222731585944184,0.7122399690452614,2.5592943651800675,9.031420321923727,22.084728774823613,0.55993683813021,0.1142216309621407,0.4238735033779263,1.4024399581414653,1.29539914249849,0.7439049738611427,2.7250350845818168,9.640875270147792,23.07791287494548,0.5646095718641282,0.1153846709316932,0.4275473673664489,1.4975987501443184,1.3727476729834345,0.7714470705198369,2.93587943285171,10.171812657643937,24.11126611774815,0.5696975702994455,0.1167028664701784,0.431889803392651,1.5995275666497264,1.4551021280461522,0.8039057599884551,3.109900832591065,10.72988887729573,25.186098803602174,0.5751548265265215,0.1181294364008877,0.4368303828484832,1.7087301088156577
39,1675,0.8539092485767451,0.8522842733481142,0.5483870967741935,0.4117647058823529,0.3154761904761904,0.2046882173752952,7.80034373862487,26.25015061641267,4.441876607889775,0.1176470588235294,0.1845238095238095,0.1271727525584396,1.1377185802348273,2.167520721056992,0.6561937324787668,25.79,0.0005970149253731,0.0202985074626865,0.3327741935483871,24.176375,1.378176254632948,225932.0,9.77523118834241,3.06987694352036,5.790789470745192,1.6618944902677102,1.3192994649680565,0.6422313498098464,0.7727661660213471,0.372162600362272,1.452435153260187,0.5753026640884793,1.1531451810384086,0.6899793985217826,5.839382154608916,1.441063900143253,1.1804123210346962,0.6216106530430913,1.275236110186198,0.5936166617375112,6.837220617475776,1.5091002299894476,1.21088064277682,0.6855347510962086,1.378176254632948,0.5594368020885232,9.111106137703526,1.5506099147178831,1.2752636198179417,0.7608222400156162,1.4154969054541875,0.5462420846241708,11.400164496143454,1.5619568218522646,1.333542889460487,0.8118630696135702,1.4454518303764663,0.529986147721151,14.481490707114444,1.5722860341815343,1.0864893462451617,0.6320266806374407,2.383532333901439,7.1010865412903375,24.78781586309737,0.5531082666534307,0.1148719093868465,0.4159641228149336,1.2169618948472072,1.1469941168748423,0.6605354663268248,2.539520811406881,7.444713273786581,26.013994097768222,0.5560481457850005,0.1148484105949122,0.4177075751226264,1.2951956631467465,1.21088064277682,0.6855347510962086,2.681826445067018,7.933008454571086,27.33343025861833,0.5594368020885232,0.1150344361361742,0.4197933767546954,1.378176254632948,1.2783292667832342,0.7109989830596098,2.846669239483808,8.314314658260427,28.75313661993535,0.5631966428433328,0.1155959319849633,0.4222268115756997,1.466171568274122,1.3495301441017675,0.7437441992753251,3.0582707679536467,8.842000740451935,31.01637233098721,0.5672723791439869,0.1162905551687503,0.4251232352942979,1.5594645525794346,1.424683803542423,0.7765807563469841,3.2003365337907765,9.4931038374068,33.481087807180444,0.571611222706039,0.1172325639259374,0.4283848911245314,1.658354072827542
40,1765,0.8601140247200492,0.8701363069702845,0.6146788990825688,0.4444444444444444,0.2784090909090909,0.1940409444237013,8.829286670125692,29.402813396057677,5.053614196467945,0.2222222222222222,0.1931818181818181,0.1319051810032299,1.156603020214856,2.430870825880864,0.7145056988048857,29.498,0.0,0.0073654390934844,0.3806193548387097,28.278625,1.4187519212498445,197547.0,11.266516492657694,5.212329557996767,7.087138635803046,2.691423743746421,1.3656971643570217,0.7988033578017221,0.834314568787214,0.4896199164832686,1.068601766850266,0.5633167401447328,1.2162720412593215,0.5999897604401682,5.640835018783447,1.496016065315353,1.130911862122366,0.6348647020828048,1.3469474883400003,0.5814322078643569,7.207971414686793,1.5488033950944942,1.2425168269424791,0.744301852366764,1.4187519212498445,0.5544598338204154,10.21639697062762,1.5645935490809328,1.3117450712123977,0.7957033070467182,1.4428300368138425,0.5420667510625785,12.639142614468035,1.5702255554722406,1.363740409173071,0.8302735278284692,1.4639143261475285,0.5298665547545501,15.844180679386676,1.5777684690270593,1.108774842738726,0.6774216934115146,2.302645702236595,8.08439809760443,28.11103231263743,0.547172040930444,0.114402682864202,0.4230921697158647,1.2475587040110594,1.173688175425276,0.707519182151884,2.435081362078983,8.36217723466975,29.78327237747365,0.550544033267682,0.1141584196276134,0.4259234995788468,1.3304060374723596,1.2425168269424791,0.744301852366764,2.600576325792723,8.913264179576965,31.542375887321143,0.5544598338204154,0.1139327129693643,0.4292416250489774,1.4187519212498445,1.3154957601110937,0.7853232557397258,2.7592138495864367,9.648226801564876,33.393387131896404,0.5588368070122978,0.1142600884520398,0.4330008311019985,1.5129457108028554,1.392873537996803,0.8180136832077108,2.904385221131272,10.496465663672469,35.34167625534625,0.5636066251243388,0.115277849834917,0.4370287871056627,1.613357463403471,1.474913137050177,0.8425916372073098,3.0908731065403097,11.430421135120763,37.39295339260708,0.5687082413674625,0.1163798771370987,0.4414016462122287,1.7203791814617957
41,1743,0.8521766975839169,0.8630735701968586,0.5466666666666666,0.5294117647058824,0.2758620689655172,0.1997844385877764,8.49361570660091,29.202405713787456,5.114352723893939,0.1764705882352941,0.1781609195402299,0.132092800522671,1.1412234372232195,2.391926867252704,0.6936903010635322,28.4935,0.0005737234652897,0.0143430866322432,0.367658064516129,26.99225,1.3962940226494862,204261.0,11.32253950006451,3.955055274816331,7.000238911726674,2.1390802870182988,1.3818696011969658,0.7144357432349007,0.8693797789773963,0.4215921501327502,1.060983122169846,0.5690347190086722,1.1818050562716358,0.589401458880023,5.996332512395961,1.488048867429492,1.125910647744773,0.659273435464284,1.310680033703706,0.5785095239659357,7.178938333512128,1.5459996893764618,1.2258952701225192,0.7225119187446645,1.3962940226494862,0.5541365707894311,9.8955877208568,1.5687139060894406,1.2986660351509292,0.7850266035621835,1.4243826972049294,0.5401114854935254,12.359232151424,1.5720536927300226,1.3583918277021565,0.8356560928420387,1.4459504278461326,0.528596676112004,15.338995686725683,1.5738948100024888,1.093764074998372,0.6601081466942014,2.282243721984583,6.83092104100036,23.41503920291852,0.5470352969704455,0.115623823491068,0.4132254971134213,1.2285948378940892,1.157879224598514,0.6887781355203099,2.436401944202352,7.367428264343188,24.654859719177843,0.550348525117527,0.1159857000732383,0.4152242799210464,1.3097352113195748,1.2258952701225192,0.7225119187446645,2.6017793662795548,8.009591249130517,25.969986480123268,0.5541365707894311,0.1167210004330364,0.4177457377553228,1.3962940226494862,1.2980464970599106,0.7559234504346106,2.772965557970887,8.820717660118031,27.363314173134835,0.5583273223725205,0.1176815005759372,0.4206090945288649,1.488615679060159,1.3745813748841098,0.7887390743620263,2.95766160843846,9.404608860054472,28.837820920091485,0.5628578036760714,0.1191348501424694,0.4237506663287241,1.5870663310463802,1.455763308783211,0.8216528119317155,3.140175629686195,9.810123862335894,30.396570126733224,0.5676838155055143,0.1208359546142459,0.4273046820607165,1.69203506624413
42,1793,0.859344172305722,0.8709937184462401,0.5982142857142857,0.4444444444444444,0.2737430167597765,0.1804403882390432,9.123138365411222,28.00349010765792,5.394799867368183,0.2777777777777778,0.1843575418994413,0.1214240587171427,1.171575674263715,2.257410182405628,0.6870863916016836,29.8635,0.0,0.0039040713887339,0.3853354838709677,28.47625,1.4002539522335096,192997.0,11.740583358940814,4.452124077977906,7.096099191960166,2.962615601022596,1.409568636890224,0.7005679068971902,0.8402819140856667,0.466356431674668,1.0998184453047226,0.5492596097589797,1.1937220321790838,0.6008229014436614,5.730555249481357,1.4843446570593744,1.125013188956579,0.6102721994229998,1.32805473213302,0.5855446000505588,7.154503159401453,1.5374034039657407,1.2442472531689182,0.7261272303144466,1.4002539522335096,0.5512582196692424,10.386742497630744,1.5527288059239557,1.3093717244550105,0.7836047593697986,1.4237606914773653,0.5365651878786978,12.862822316391734,1.5592855795386389,1.3620751657813432,0.822471466979135,1.4413747701318858,0.5214846122353336,16.1039162931338,1.562823716202728,1.1114317359179722,0.6573211341328717,2.23568452914482,8.374888419233718,36.21877101562872,0.5442784204457778,0.1318608226741046,0.4222089837251261,1.2342880866102663,1.1760089946375396,0.6925653901837863,2.359367204824636,8.821950691328619,38.65545830298282,0.5475429721075039,0.131799053719423,0.4243901175770703,1.314734263526195,1.2442472531689182,0.7261272303144466,2.508428982239448,9.397131495744006,41.22956811764101,0.5512582196692424,0.1317594330484036,0.4269782679116312,1.4002539522335096,1.3163526644611436,0.7634610532772277,2.667350643864164,9.879518066152915,43.94618385450998,0.5553512578675591,0.1317890381023721,0.4299541625214217,1.4911657955919655,1.392542996060262,0.7948281057985793,2.836671745711728,10.396684716123197,46.81057958400373,0.5597578291909524,0.1320018073572253,0.4331226545597494,1.5878084768896523,1.4730482352425849,0.8253792538578477,3.025611261510512,10.93164099361745,49.82822938897996,0.5644317176262952,0.1324106619876038,0.4365935037012593,1.6905418622917885
43,1623,0.8465991259677078,0.8456276916370935,0.4862385321100917,0.4375,0.3148148148148148,0.2272926276506639,7.441620417323796,27.416722846786307,4.12595420123936,0.3125,0.1975308641975308,0.1468783253680929,1.063370350238838,2.2930262038715794,0.6444243629172621,24.2105,0.0024645717806531,0.0406654343807763,0.3123935483870967,22.65925,1.36960095644639,246619.0,9.297164112296514,1.9135739683268544,5.964078177281248,1.0575045695131942,1.2335123573649591,0.5150043035365532,0.8007371770308932,0.2602701872889161,1.1274908097094551,0.6590508041889537,1.1578516632174,0.5667764473554142,6.013155856901202,1.4442474036968145,1.143096842007297,0.6833383443883754,1.2642553624006496,0.5601044988465964,7.277856285733482,1.501525415779081,1.154287603742183,0.6893181020223685,1.36960095644639,0.5528728842039929,8.918522630223059,1.5500923354949692,1.24019774803828,0.7554279384997735,1.4110556926805338,0.5407845942989773,10.9919512203338,1.5585469246956971,1.3107870605439005,0.8301124635092314,1.4391238938270718,0.5293061001114351,13.965895444001536,1.5641872224139224,1.0376412420743266,0.6282165875834795,2.154601702747009,7.238877545938416,21.42191548127431,0.5455897367678405,0.1097656618700249,0.4040110124031763,1.2094734053391167,1.0943341104233122,0.6576685329993794,2.2856584696089324,7.76990899158199,22.80798080663568,0.5490202520256573,0.1096011090720033,0.4057595919315807,1.287082909027324,1.154287603742183,0.6893181020223685,2.426605079166869,8.334520081684063,24.289806816165733,0.5528728842039929,0.1095597585578224,0.4080947530164545,1.36960095644639,1.2176750573534223,0.7138057023553207,2.571158448000808,8.836889214738278,25.872435276511982,0.5570802780704571,0.1097161470057835,0.4107554978241965,1.457304324996789,1.2846781442419346,0.7434420653808632,2.7274066512449298,9.447707724341909,27.56109812704571,0.5615859350419748,0.1099172581777847,0.4138154463590595,1.5504836141349725,1.3554872573124603,0.7774869312416995,2.8953472567433325,10.11938004612598,29.361223542559102,0.5663445897679616,0.1101578144372874,0.4171993741512916,1.64944392389044
44,1599,0.8578023085675257,0.8556061130175651,0.5458937198067633,0.5625,0.3125,0.2204438415917301,7.198935662702722,25.550059004429688,3.819036931249984,0.1875,0.21875,0.1352083805555141,1.0768401506667813,2.113082387298634,0.6513416042379684,24.12625,0.0018761726078799,0.0393996247654784,0.3113064516129032,22.56625,1.3437003875842195,243278.0,9.146309111781926,2.582841267998369,5.516065841321564,1.289354201543037,1.260426164333195,0.5680038831876931,0.788295178744971,0.317271636946313,1.1175587066773771,0.5783302287375135,1.0637329597712415,0.5989468279143836,5.6828259162866495,1.414851919405158,1.0683811367731555,0.6100658323464475,1.215088426992497,0.5625183305357032,6.7080852034738605,1.492762591059669,1.1533108097803262,0.6884030019050761,1.3437003875842195,0.5570401869702452,8.5531774102473,1.5404968099780842,1.2338110909988222,0.7536856069993677,1.391166225901442,0.5442520539503868,10.541246534158915,1.5536621695077726,1.312692099767977,0.8109896027765213,1.4288442549296845,0.5272850106185761,13.6040697495473,1.566992765503979,1.0362819134444268,0.6300637975832742,2.134274765244518,7.755076302831494,23.1064275327402,0.5500725502695692,0.1084028893199484,0.4177369899248191,1.1866158515126586,1.0931889085543194,0.663711582484436,2.258876217446378,7.936716375742864,24.470785267903253,0.5533224373253537,0.1082783445494265,0.4195532372578759,1.262737074422472,1.1533108097803262,0.6884030019050761,2.4348339086888617,8.16678812871224,25.95235330798552,0.5570401869702452,0.1081815365110112,0.4217946837448384,1.3437003875842195,1.21682947195089,0.7187228735673421,2.585372124581641,8.478206832377422,27.556795446608565,0.5611611232604161,0.1081239573407364,0.4244076391969754,1.429811351247628,1.2839369289847236,0.748243928742761,2.796470283102188,8.858156703908993,29.290076556050373,0.5656192873620244,0.1082126965324785,0.4273568501379817,1.5213943935966805,1.354835959075717,0.7736773818725455,2.938223975879321,9.399195720242387,31.15847604661025,0.5703622575174684,0.1084876474261162,0.4307242932094232,1.618793964927968
45,1742,0.8608373235697567,0.8653773146973258,0.5263157894736842,0.4117647058823529,0.3160919540229885,0.2010707906166872,8.405946590632395,28.85352452109764,4.684666574270153,0.1764705882352941,0.1839080459770115,0.1323887234401294,1.1362464570936563,2.3646665445380344,0.6539675888623897,28.098750000000003,0.0,0.013203214695752,0.3625645161290322,26.78675,1.4165973807858587,208604.0,11.004110416917648,3.86735307382823,6.692887720651344,2.185435398030763,1.3641392494155438,0.6845942382889469,0.8268293906137855,0.4201221485297797,1.1453247176273176,0.591332943837135,1.1862305792826764,0.6088295222261545,5.803494207436165,1.473182640733054,1.1220399041376548,0.615442876109278,1.3259564064563698,0.5823214790135414,7.052524211728684,1.545064546003242,1.220162639875448,0.6930012953217416,1.4165973807858587,0.560171221512112,9.802767356261194,1.5718354873533689,1.2921529828641112,0.7769667747696486,1.445930069573873,0.5448086882712458,12.205155793270205,1.5755092996556683,1.353877285668434,0.8248645185740383,1.4663181310766673,0.5298511208943735,15.294849558538518,1.5776822827329464,1.0886239388492045,0.6313945642199519,2.2816674412326226,7.408920955400534,37.164799629714814,0.5523261656103642,0.1229072337974615,0.4202989249989808,1.2449742482553858,1.1524518976511418,0.6654785197476365,2.423856982679276,8.250977871329622,39.31436527614314,0.556007235875388,0.1225477784673521,0.4231583427440474,1.3280151146738113,1.220162639875448,0.6930012953217416,2.576554827320271,9.043952945661411,41.58773486137793,0.560171221512112,0.1226266509953721,0.4266380281877725,1.4165973807858587,1.2919967866650648,0.7281504164931124,2.7307606438948926,9.896606104341824,43.99201215842288,0.5647367449686816,0.1230372946189258,0.4303832499079434,1.5110847481413552,1.3682094449015445,0.7586020085724938,2.887250922336741,10.756206282646277,46.53480025167193,0.569635900199876,0.123851273913117,0.4344983153945514,1.611863263487338,1.4490710605150707,0.7843847725373952,3.075605409398721,11.50443057405785,49.22424324373346,0.5748177423217482,0.1248013776144983,0.4388781618066772,1.7193426389819004
46,1773,0.8521737376818069,0.8628868219116472,0.5803571428571429,0.5,0.3163841807909605,0.1979186124672607,9.07630384174085,31.12904296907441,5.471061945625866,0.2777777777777778,0.1864406779661017,0.1396989243148258,1.150212777131352,2.5960277326032184,0.7053774138398611,30.77925,0.0,0.0078962210941906,0.3971516129032258,29.57875,1.4164285855756424,190772.0,11.790436292221578,4.381642630527971,7.375675745514883,2.910452395184102,1.3598258831982857,0.7787051067254256,0.8330141169791343,0.5108087628513852,1.081558652932065,0.5619047847070148,1.2391357716028712,0.5958655392396508,6.00961289599141,1.5129193454910712,1.1294895714731472,0.6127973131396721,1.3524946284237684,0.5769230449530833,7.467806381312177,1.5513365685713425,1.2472528108037444,0.7381112902998959,1.4164285855756424,0.5476122281236131,10.556436924737293,1.562317417993257,1.3092140820129854,0.8029677680861479,1.4385689085204934,0.5340880548626692,13.086222396526722,1.565479012696421,1.3591958860920457,0.8301617353534687,1.4553708233740708,0.5242156230009124,16.247974992698442,1.568680688721204,1.1139573907505185,0.6771535550723486,2.215173889970393,7.71129073600448,22.81598187558454,0.5411954083899758,0.1178747087530105,0.4140656278738421,1.2475685797732103,1.178674364031555,0.7089905915462923,2.3926727130833734,8.06774852795223,24.607356092220108,0.5441546686026991,0.1183870117522497,0.4156892850370641,1.329362426873998,1.2472528108037444,0.7381112902998959,2.5604695721474413,8.557473604849362,26.494942845042885,0.5476122281236131,0.1189670117147881,0.4179892684894785,1.4164285855756424,1.3199254575580843,0.7707417654909277,2.719398570542268,9.2075065944854,28.48370082750404,0.5514952269410253,0.1197320664365977,0.4208679622316349,1.5090994871312136,1.396939856963355,0.8096474920260056,2.869704227679321,10.07441873730252,30.578851131965127,0.5557385243160979,0.1205529879453706,0.4240933040272875,1.6077297627313871,1.4785593193981403,0.8514195120313155,3.033260397912576,10.608694011789932,32.78588759875921,0.5602964434729663,0.1215998335355205,0.4275293397065731,1.7126976848868714
47,1787,0.8683186016372006,0.8789964907938491,0.6126126126126126,0.4444444444444444,0.2960893854748603,0.1922888515665468,9.816424241908646,32.46427446758224,5.900689797317316,0.1666666666666666,0.2290502793296089,0.1355461683207612,1.177667454059436,2.565207307862729,0.7110637057829445,33.40575,0.0,0.0039171796306659,0.431041935483871,31.92725,1.4296970346697355,179705.0,12.349913528672662,5.63830435312911,7.933138666647117,3.21541574137917,1.3733269246273498,0.8253421384142408,0.8659125785400644,0.4779364840190582,1.0907881993618285,0.6219127310862903,1.266467181695223,0.579143965078502,6.452200407081004,1.5198855679995666,1.1611513847123902,0.6634519773747705,1.373095738075392,0.5726292161405652,8.083350447380806,1.553166247816662,1.270843045808958,0.7494041239902935,1.4296970346697355,0.5462355517541857,11.337264771892324,1.5584378574901216,1.328763005575102,0.8057375113256721,1.448591428044669,0.5313771823322749,13.910904349460314,1.560769205122319,1.3776037513231878,0.8536959453931935,1.4649641069241155,0.5201951507888238,17.144120134900383,1.5638507026839892,1.1342457548086866,0.6789910161788774,2.270970062066789,8.292850690047201,31.488948888320817,0.540366751591216,0.1148835105457765,0.4176796870129843,1.2596432428047146,1.200643968273234,0.7137243764792037,2.434686546437869,8.909142712777614,33.77205817735484,0.5430617025080313,0.1146541926826801,0.4187251008532147,1.342124560945496,1.270843045808958,0.7494041239902935,2.6082779412393307,9.341963208497504,36.21508057680936,0.5462355517541857,0.1146737136563751,0.4202322670520933,1.4296970346697355,1.345053421798864,0.7837504129329514,2.7679851215603337,9.981525715676437,38.82733413478467,0.5498153187316729,0.1147166631820994,0.4220404394638443,1.5226561866893362,1.4234959727671688,0.8256828695266398,2.9913816342685045,10.625842961775556,41.61854772716233,0.5537330421751658,0.1147784129241646,0.4241657628200764,1.6213124423038678,1.50640244805386,0.8683388702814137,3.2063866855895387,11.305111455555322,44.59887454441603,0.5579337938660506,0.1148610929975337,0.42652110304182,1.7259917353529777
48,1705,0.8557571000192635,0.8609147271947675,0.5740740740740741,0.4705882352941176,0.3235294117647059,0.1990158869206134,8.127532481327107,26.67292098612703,4.868364794072975,0.1176470588235294,0.1823529411764705,0.1251193147556504,1.1268468145428472,2.128572418333392,0.6779344297821682,28.06525,0.0,0.0222873900293255,0.3621322580645161,26.578,1.374977269468274,213656.0,10.516166055229494,3.2916815394638337,6.575187449429086,1.744361616083573,1.3224616679216197,0.6841221166639211,0.8416784185273448,0.3938900911576693,1.1085101695307502,0.6203177483776247,1.1404061620351154,0.5902590299280336,5.703367098487134,1.462279953306563,1.174042007461206,0.6418470856256249,1.277375593185013,0.577883272847947,7.1048751280318765,1.522805369391649,1.1973494963345572,0.7071077069867753,1.374977269468274,0.5492208384801641,9.432779766122408,1.550905448528323,1.2726696894395155,0.7931800997747862,1.40946458926329,0.5320960998559177,11.84179648811191,1.5607720170548929,1.330560632397789,0.8296649374995705,1.436751127316285,0.5235875865079044,14.947414799620464,1.5657388965955528,1.0721214182447074,0.6505164295732551,2.283681397977654,7.067121175181333,19.6745906191906,0.5427760604428375,0.097985717525527,0.4024267968185434,1.2124578390018828,1.1329317708142297,0.6784043487176911,2.423881123859721,7.485251551745195,20.68057250122852,0.5457552245452514,0.0977207729177767,0.404898579536639,1.291175958313889,1.1973494963345572,0.7071077069867753,2.5634349678607724,7.667597308509169,21.74431923403965,0.5492208384801641,0.0976656382814783,0.4076491457004386,1.374977269468274,1.2655807498719749,0.7471132601043767,2.7390252036827785,8.428016858305167,22.869433613703,0.5531010338633728,0.0976533318656697,0.4108808737907835,1.4641751981690927,1.3378421309060555,0.7824731767547991,2.9033058974291244,9.2206165694772,24.059805748512268,0.5573357890891937,0.0979427519892447,0.4145577413747489,1.5591004876895769,1.414361214907024,0.8197386644179671,3.100362922113601,9.664502081621595,25.319635225973247,0.5618785514993012,0.0986017988295015,0.4185667312664285,1.6601021306090071
49,1631,0.8595315749367322,0.844041739620774,0.5523809523809524,0.3125,0.3128834355828221,0.2058050207732491,7.3509840599548015,24.424812024973463,4.175173858012197,0.125,0.2085889570552147,0.1272722038933718,1.1213861750626328,2.0968476373432394,0.6626993571605466,24.6725,0.0006131207847946,0.0220723482526057,0.3183548387096774,23.2825,1.3501877578519106,229232.0,9.130499144394244,3.218051552195591,5.697700335761707,1.688052478316996,1.2916668423370266,0.6501585545642415,0.768157559390628,0.3719027346984744,1.1094229847297337,0.5824536090285531,1.0812687828910248,0.6078773688904411,5.059182258014385,1.4017479504689538,1.09892305847074,0.589656432827607,1.233854604746815,0.5851104069944401,6.282692170358344,1.4900630730632154,1.1919591073428972,0.6969665360862185,1.3501877578519106,0.5621074006095492,8.586245678515319,1.5318493438698844,1.2437849354892805,0.7373472477165202,1.3904691520500083,0.5471857955375862,10.68460676167675,1.5432342165257764,1.3123844534287823,0.81261801482962,1.4215932668457507,0.5254080337907736,13.783675537072057,1.5518617217040591,1.068546738179173,0.6393025306369996,2.1617083226723155,8.702915097370106,30.28866459341378,0.554329302026862,0.1164445354382989,0.4272792530215054,1.1918223076303425,1.1285343540695851,0.6695965086144461,2.3099673782335137,9.18871302104038,31.68000954317197,0.557994419339215,0.1165221397284465,0.4301345483367742,1.2685748470284353,1.1919591073428972,0.6969665360862185,2.4494588220994102,9.700401656160604,33.13655116749173,0.5621074006095492,0.1166012853927013,0.4333157323784371,1.3501877578519106,1.259025562874607,0.7277960663622949,2.6088881909387367,10.239300459673816,34.66127537111186,0.5665945064087464,0.1166788121511788,0.436882812831898,1.4369717739956496,1.32995146389309,0.7615919709573488,2.824712995342956,10.80678641855166,36.25727507687861,0.5713939501705686,0.116751946012852,0.4406542576887193,1.5292586567343405,1.404968653933506,0.7910517381394883,3.0286081933327957,11.43462910283283,37.92775226139682,0.5764617351464114,0.1168182778334103,0.4447175070501269,1.6274027460921074
